"","Genes","hgnc_symbol","baseMean","log2FoldChange","lfcSE","stat","pvalue","padj","DR_UR","Type"
"75","ENSG00000010626","LRRC23",2.80545468871867,-4.40334743242814,1.11118701354043,-3.9627419856162,0.0000740938441026108,0.000229704818002165,"DR","Immune"
"122","ENSG00000028277","POU2F2",43.5026892323449,-8.3658753363249,0.95103598691548,-8.79659177089415,0.00000000000000000141034232668154,0.0000000000000000151820824795347,"DR","Immune"
"340","ENSG00000072952","MRVI1",6.82910625125795,-5.22169516647657,0.95918223607474,-5.44390311881224,0.0000000521255774956467,0.000000237868832515345,"DR","Immune"
"513","ENSG00000089820","ARHGAP4",11.5724371230178,-6.49498603396655,0.974422899546563,-6.6654694147571,0.0000000000263820749690433,0.000000000163211309168278,"DR","Immune"
"758","ENSG00000104522","TSTA3",23.9142907174516,-7.5431984279695,0.929132546442419,-8.11853858402858,0.000000000000000471830710779929,0.00000000000000424647639701936,"DR","Immune"
"760","ENSG00000104529","EEF1D",10.6103114855067,-6.30588802954057,0.976507312579638,-6.4575942732905,0.00000000010638048374968,0.000000000623344366482165,"DR","Immune"
"761","ENSG00000104537","ANXA13",2.57908739348583,-4.26743327336039,1.12860078821305,-3.78117162235653,0.000156092016648693,0.000464230468521059,"DR","Immune"
"814","ENSG00000105501","SIGLEC5",11.4046288920365,-6.46172285161058,0.92989357956263,-6.94888425259353,0.0000000000036818646747083,0.0000000000242773870250918,"DR","Immune"
"946","ENSG00000110077","MS4A6A",11.6952073590995,-5.35024114484957,0.957525681374953,-5.58756934557298,0.0000000230269818481891,0.000000108900357200766,"DR","Immune"
"1007","ENSG00000112139","MDGA1",8.1131059363874,-5.97115517462663,0.969688270179113,-6.15780901786477,0.000000000737582260359561,0.00000000401046701881585,"DR","Immune"
"1151","ENSG00000116815","CD58",8.10303125703529,-5.95759546529405,0.941056421465492,-6.33075268326249,0.000000000243968126071619,0.00000000138772093466693,"DR","Immune"
"1165","ENSG00000117335","CD46",31.1377247578419,-7.79499397618773,0.902996004003013,-8.63236818505536,0.00000000000000000600945790431723,0.0000000000000000617539069719763,"DR","Immune"
"1332","ENSG00000124491","F13A1",57.6436613768628,-8.77535154077062,0.885662856227908,-9.90823029221906,0.0000000000000000000000383376519170066,0.000000000000000000000551821742401234,"DR","Immune"
"1379","ENSG00000125780","TGM3",6.25296988274556,-5.49183398866925,0.973279789195397,-5.64260559978267,0.0000000167495739002847,0.000000080292996555934,"DR","Immune"
"1428","ENSG00000127364","TAS2R4",3.25163842767977,-4.07934072086888,1.03095526551352,-3.95685521702724,0.0000759429271420891,0.000234952429899996,"DR","Immune"
"1429","ENSG00000127399","LRRC61",5.90669029955679,-5.46853541176526,0.963435781404383,-5.67607672178613,0.0000000137818985310228,0.0000000666272941271563,"DR","Immune"
"1500","ENSG00000129990","SYT5",2.57534244558495,-4.28805861388608,1.12048685387094,-3.82696021740205,0.00012973547251872,0.000390909727917455,"DR","Immune"
"1597","ENSG00000132589","FLOT2",33.5374977755609,-7.98035314016579,1.02937967034918,-7.75258475568956,0.00000000000000900406794690648,0.0000000000000735094954321555,"DR","Immune"
"1714","ENSG00000135945","REV1",35.3528706422373,-7.16574097438401,0.889544732878314,-8.05551503992127,0.000000000000000791448365061801,0.00000000000000702734700928598,"DR","Immune"
"1850","ENSG00000140287","HDC",102.511350262014,-9.63335436053215,0.856598454038785,-11.2460562065128,0.0000000000000000000000000000242180341942079,0.000000000000000000000000000498976056141011,"DR","Immune"
"2258","ENSG00000153721","CNKSR3",9.32440338243175,-6.1635478672854,0.93798136059061,-6.57107713036478,0.0000000000499525737031924,0.000000000301577028816789,"DR","Immune"
"2366","ENSG00000158270","COLEC12",18.4566599750707,-6.92190883235661,0.88219386810388,-7.84624455306409,0.00000000000000428680618396426,0.0000000000000359569468953429,"DR","Immune"
"2371","ENSG00000158417","EIF5B",4.56653380720812,-5.08786204047839,0.987434767924664,-5.15260572723378,0.000000256891697598228,0.00000108703672499696,"DR","Immune"
"2374","ENSG00000158457","TSPAN33",20.4681544856283,-7.31897012241345,0.937007348380717,-7.81100610903605,0.00000000000000567332647786022,0.0000000000000472272275668324,"DR","Immune"
"2423","ENSG00000160216","AGPAT3",121.266545023985,-9.87839177229336,0.852136837336556,-11.592494702106,0.000000000000000000000000000000449836630699188,0.0000000000000000000000000000102951530272485,"DR","Immune"
"2474","ENSG00000161638","ITGA5",32.4320347731215,-7.95084827082648,0.895635100632617,-8.87732991394656,0.000000000000000000684844453760471,0.00000000000000000750920355271268,"DR","Cancer"
"2552","ENSG00000163499","CRYBA2",17.1859142810101,-6.56333323753099,0.90019553594625,-7.29100842588813,0.00000000000030764352447071,0.00000000000224536289679948,"DR","Immune"
"2637","ENSG00000164742","ADCY1",15.686856636276,-6.90004686945273,0.902661826236833,-7.64411063910701,0.0000000000000210394442239342,0.00000000000016778753685149,"DR","Immune"
"2755","ENSG00000167208","SNX20",13.2922890901261,-6.69278938923108,0.904644934121631,-7.39825000593131,0.000000000000137990875595655,0.00000000000102895362289829,"DR","Immune"
"2892","ENSG00000169957","ZNF768",16.3505457059866,-6.85408419301998,0.944241660530837,-7.25882417554711,0.000000000000390469629642667,0.00000000000283111898210419,"DR","Immune"
"3025","ENSG00000173391","OLR1",94.1202464097971,-9.05508744474837,1.11093341987174,-8.15088220659867,0.000000000000000361278897093865,0.0000000000000032729015874885,"DR","Immune"
"3055","ENSG00000174059","CD34",2.78587900524256,-4.40101851039208,1.22927611177004,-3.58017085685901,0.000343369615760327,0.000968066802733943,"DR","Immune"
"3098","ENSG00000175087","PDIK1L",5.11494422985469,-5.27135042037402,0.991490987451114,-5.31658934583501,0.000000105730317819138,0.000000467761116905872,"DR","Immune"
"3165","ENSG00000176723","ZNF843",11.6277753001718,-5.80123931283737,1.05365609075957,-5.50581860980398,0.0000000367456732664239,0.000000170557726138873,"DR","Immune"
"3243","ENSG00000178761","FAM219B",3.69016166713734,-4.82186679454345,1.22662014607906,-3.93101875096112,0.0000845866738449438,0.00026062095816033,"DR","Immune"
"3347","ENSG00000181991","MRPS11",24.4958785245928,-7.57082602493931,0.888662293870552,-8.5193510258714,0.0000000000000000160449848902438,0.00000000000000016029463744038,"DR","Immune"
"3654","ENSG00000189337","KAZN",9.11149177023305,-6.12453247474552,0.939082448532162,-6.52182615522045,0.0000000000694564914608002,0.00000000041343626257142,"DR","Immune"
"3688","ENSG00000196458","ZNF605",12.7287427314013,-6.11850315673827,0.94328296495547,-6.48639208387179,0.0000000000879161979975046,0.000000000518831162753845,"DR","Immune"
"3730","ENSG00000197077","KIAA1671",13.7838555777276,-6.73204206939385,0.995897439662606,-6.75977445195015,0.0000000000138206722511759,0.0000000000875326900262287,"DR","Immune"
"3940","ENSG00000205022","PABPN1L",2.68179755750482,-4.30831290525517,1.18715191488678,-3.62911675517625,0.000284392601693226,0.00081288762331411,"DR","Immune"
"3950","ENSG00000205336","ADGRG1",5.48086436195499,-5.32573106072323,0.985136917854294,-5.40608210310815,0.0000000644182764842314,0.000000291469770160306,"DR","Immune"
"4091","ENSG00000214846",NA,2.43942781732042,-4.0850239083133,1.0983558900289,-3.71921700916613,0.000199841305375618,0.000586116033018586,"DR","Immune"
"4096","ENSG00000215018","COL28A1",5.67207516596078,-4.92022252192826,1.04923691448143,-4.68933417612359,0.00000274095449088129,0.0000103146281046054,"DR","Immune"
"4115","ENSG00000216490","IFI30",9.32118327829797,-6.06765178091559,0.937081246602359,-6.47505411394743,0.0000000000947779678084386,0.000000000557731887488119,"DR","Immune"
"4149","ENSG00000221988","PPT2",3.02538233858099,-3.99514623817717,1.11258249500264,-3.59087641242072,0.0003295678920227,0.000932017773024661,"DR","Immune"
"4151","ENSG00000222004","C7orf71",3.44696176725973,-4.72004591336737,1.15516468053832,-4.08603724896417,0.0000438803365755316,0.000141011023254392,"DR","Immune"
"4184","ENSG00000223944",NA,35.3863088232931,-8.08926054129538,0.887312606238296,-9.11658471256176,0.0000000000000000000775290033470514,0.000000000000000000898379559121092,"DR","Immune"
"4197","ENSG00000224354","MTND2P5",2.99373463354806,-4.48288928852821,1.08996113280032,-4.11288912386334,0.0000390738078535161,0.000126698508824863,"DR","Immune"
"4209","ENSG00000224671",NA,40.6610840791791,-8.29976179316233,0.951129647193228,-8.72621499882253,0.00000000000000000263337831578817,0.0000000000000000278044366070822,"DR","Immune"
"4232","ENSG00000225496",NA,3.92147833389567,-4.21358494505101,1.07728579895588,-3.91129721484761,0.0000918017168718057,0.000281591158268,"DR","Immune"
"4239","ENSG00000225731",NA,5.32217279842099,-5.27746804662883,1.01363734313804,-5.20646568751182,0.000000192471264106603,0.000000825647759111504,"DR","Immune"
"4265","ENSG00000226375",NA,3.58967701874052,-4.78046024094461,1.03431388108477,-4.6218660779559,0.00000380303504965496,0.0000140521804920614,"DR","Immune"
"4432","ENSG00000230980","RPL36AP39",47.5023118005527,-6.97689522790341,0.829076949869383,-8.41525654404285,0.0000000000000000392035989674673,0.000000000000000380387709535191,"DR","Immune"
"4437","ENSG00000231107","LINC01508",67.3710490589478,-8.52198722196463,0.863241928920822,-9.87207286446147,0.0000000000000000000000550157575508755,0.000000000000000000000781668424566351,"DR","Immune"
"4450","ENSG00000231357",NA,23.378589693732,-7.49622498981628,0.904338711145942,-8.28917848746889,0.000000000000000114033315724507,0.00000000000000107305609853744,"DR","Immune"
"4509","ENSG00000233178",NA,6.59099516699545,-5.2024935171594,1.06889055920541,-4.86719007138283,0.00000113196151171948,0.00000446728732258244,"DR","Immune"
"4539","ENSG00000234009","RPL5P34",70.5693721232849,-8.15992808779077,0.871420793815767,-9.36393547835848,0.00000000000000000000768207476879867,0.0000000000000000000950850962394226,"DR","Immune"
"4569","ENSG00000235123","DSCAM-AS1",28.2568046671779,-7.7726171234911,0.872995976632687,-8.90338252585261,0.000000000000000000541700981487509,0.00000000000000000598333356824839,"DR","Immune"
"4610","ENSG00000236356",NA,5.39211375476376,-5.35434388199308,0.968673653403283,-5.52750027130544,0.0000000324825725330664,0.000000151664885147327,"DR","Immune"
"4635","ENSG00000237036","ZEB1-AS1",4.80254674913029,-4.70635966928554,1.019992718966,-4.61411104390679,0.00000394781328365857,0.0000145513421144711,"DR","Immune"
"4829","ENSG00000248302","BNIP3P41",3.1643379542242,-4.27222357233812,1.10761146875318,-3.85714999606071,0.000114716771798532,0.000348004394565621,"DR","Immune"
"4999","ENSG00000253973",NA,22.6781755907592,-7.44633878516643,0.901525220848716,-8.25971211116676,0.000000000000000146024227467782,0.00000000000000136245304047297,"DR","Immune"
"5163","ENSG00000259494","MRPL46",3.07179181500075,-4.52785987080684,1.1804369321444,-3.83574907520172,0.000125182166804465,0.00037767210594796,"DR","Immune"
"5218","ENSG00000260757",NA,2.95641261435072,-4.49639622072955,1.09286983700646,-4.11430169309628,0.0000388353250669455,0.000126024138139475,"DR","Immune"
"5327","ENSG00000265354","TIMM23",7.16165941363149,-5.199399135804,1.08491590869448,-4.79244436747233,0.00000164761467815933,0.00000636846431389585,"DR","Immune"
"5336","ENSG00000265666","RARA-AS1",102.979130773743,-9.64972346393145,0.852073483507493,-11.3249897464349,0.00000000000000000000000000000986904202087785,0.000000000000000000000000000209879086683379,"DR","Immune"
"5391","ENSG00000267605",NA,3.31844999070478,-4.53415294505316,1.04201115240621,-4.35134780907374,0.0000135303222592923,0.0000466753747416589,"DR","Immune"
"5392","ENSG00000267614",NA,2.29721949967193,-4.05876767278033,1.10294113515746,-3.67994949449492,0.000233280151755111,0.000677574481912719,"DR","Immune"
"5470","ENSG00000270149",NA,104.876725152443,-9.67560547187264,0.852216522307687,-11.353459148706,0.00000000000000000000000000000712855650862913,0.000000000000000000000000000152976971102062,"DR","Immune"
"5693","ENSG00000279144",NA,13.7919076616276,-6.73018107797014,0.996918524020692,-6.75098407322848,0.0000000000146845720358844,0.0000000000928262694418337,"DR","Immune"
"5718","ENSG00000279780",NA,3.1752881100241,-4.58598646241364,1.15753715410539,-3.9618481758004,0.0000743718288595126,0.000230473583079113,"DR","Immune"
"5783","ENSG00000283138",NA,31.5170153159231,-7.92586280407472,0.865219779710732,-9.16051966209623,0.0000000000000000000516479966757372,0.000000000000000000604413241550908,"DR","Immune"
"5791","ENSG00000283417",NA,8.10022450632535,-5.94117588514146,0.937376397683193,-6.33808990692063,0.000000000232631075255913,0.00000000132597305537382,"DR","Immune"
"5810","ENSG00000284702",NA,8.68241662938162,-6.05250788293919,1.25909476629601,-4.80703124574522,0.00000153188056368982,0.00000594057602309567,"DR","Immune"
"6072","ENSG00000120341","SEC16B",1.64924059907305,3.60154539024295,1.4458115511642,2.4910199308775,0.012737697419677,0.0266596215532291,"UR","Immune"
"6077","ENSG00000230124","ACBD6",1.48079998870908,3.26244983457762,1.39138872187096,2.34474362433432,0.0190401668764592,0.0381681083909513,"UR","Immune"
"6134","ENSG00000229463","LYST-AS1",2.24382262383026,4.02404810571739,1.21203538953759,3.32007476056672,0.000899933449019438,0.00237966079558284,"UR","Immune"
"6135","ENSG00000186197","EDARADD",1.71710463840595,3.62594305360263,1.29687844965796,2.79590045972229,0.00517553381288993,0.0118498712379373,"UR","Immune"
"6167","ENSG00000171094","ALK",2.79423992499233,4.13384090607271,1.1815103777222,3.49877663710598,0.000467397950573262,0.00129065570442389,"UR","Immune"
"6228","ENSG00000188177","ZC3H6",2.12935672823195,3.96656441470298,1.15550220341088,3.43276231148173,0.000597465624921356,0.00161871158980169,"UR","Immune"
"6315","ENSG00000202175","RNA5SP128",1.7172715589098,3.66931981286733,1.24150521918518,2.95554118997225,0.00312121017027786,0.00746920736476051,"UR","Immune"
"6562","ENSG00000253766","",2.86590154101312,-3.24459980038721,1.38162274697469,-2.34839778622048,0.018854373317933,0.0378507671857035,"DR","Immune"
"6852","ENSG00000264675","MIR4285",1.63918088346173,3.56971203634361,1.23449751109837,2.89163161873653,0.00383247025550321,0.00898903314434847,"UR","Immune"
"6877","ENSG00000226045","",2.33022865470858,3.61942080073239,1.29099787743814,2.80358385090049,0.00505380889971789,0.0115984914248525,"UR","Immune"
"6880","ENSG00000157680","DGKI",2.10341793288559,3.91114879595183,1.19311472526478,3.27809950973815,0.00104508546599807,0.0027281188373068,"UR","Immune"
"6913","ENSG00000254229","FAM90A12P",1.6316770287256,3.60951884046491,1.29136358889498,2.79512204889838,0.00518801249389964,0.011868575169486,"UR","Immune"
"6947","ENSG00000201365","",1.33251878849114,3.22134031325109,1.37329472009989,2.34570210319951,0.018991279403273,0.0380793472709237,"UR","Immune"
"7139","ENSG00000175535","PNLIP",1.45927865016453,3.10887310948613,1.35198114990249,2.29949441951196,0.0214768798973765,0.0423388169200965,"UR","Immune"
"7217","ENSG00000255386","OR5BR1P",3.63656466579238,4.82995253124177,1.51228666392572,3.19380752767057,0.00140409697695925,0.00357327867661706,"UR","Immune"
"7238","ENSG00000251562","MALAT1",2.07922290053442,3.95151453385628,1.21898703667324,3.24163786404197,0.00118844935432391,0.00306986667669975,"UR","Immune"
"7469","ENSG00000228825","LAMTOR3P1",1.1494044515814,3.02716541537829,1.32733106579725,2.28064082381742,0.0225697095030579,0.0442450919241344,"UR","Immune"
"7484","ENSG00000206800","RNY3P7",1.39074346151026,3.32649412094603,1.39469986109812,2.38509676076608,0.0170746296932745,0.034675421081262,"UR","Immune"
"7547","ENSG00000021645","NRXN3",3.16992468936246,3.06613140328353,1.03621184827495,2.95898122414631,0.00308657906662799,0.00739704604742001,"UR","Immune"
"7566","ENSG00000156411","ATP5MJ",2.09133634194439,3.91240077611384,1.19174471693615,3.28291849799194,0.00102738364156071,0.00268487858503071,"UR","Immune"
"7571","ENSG00000225825","IGHD6-25",1.14751549596714,3.01226568099224,1.29673864206198,2.32295513011191,0.0201815630085585,0.0401493073866387,"UR","Immune"
"7629","ENSG00000137878","GCOM1",1.23846627658899,3.16986194332017,1.41736648408483,2.23644482842903,0.0253226474664698,0.0489565258846316,"UR","Immune"
"7631","ENSG00000171914","TLN2",2.3059183955908,4.07006003065071,1.26318286903066,3.22206715309083,0.0012726930248366,0.00326974720873056,"UR","Immune"
"7633","ENSG00000169118","CSNK1G1",2.3586069463184,3.18625432382523,1.18147127831276,2.69685296825451,0.00699981697216802,0.0155463676946377,"UR","Immune"
"7634","ENSG00000207223","",1.9909033531525,3.88918585581338,1.20211480331367,3.23528655091237,0.00121520706608759,0.00313310681230011,"UR","Immune"
"7639","ENSG00000259347","",1.66470181620272,3.56867031733178,1.25259105043518,2.84903066814341,0.0043852653124778,0.0101744066306351,"UR","Immune"
"7649","ENSG00000261775","",1.94198476892021,3.41256689027228,1.25292266349731,2.72368518001478,0.00645580125412143,0.0144253765954162,"UR","Immune"
"7835","ENSG00000260498","",3.38226692213757,3.47941946987871,1.19481347120218,2.9121026450914,0.00359004641357413,0.00847577181567352,"UR","Immune"
"7993","ENSG00000264907","PRELID3BP3",2.19528795857189,4.02547408721468,1.17269492636162,3.43266948353228,0.000597670201523426,0.00161900039507756,"UR","Immune"
"8023","ENSG00000280351","",3.23959134905078,4.04971377969625,1.16572114901412,3.47399872012376,0.000512763479610451,0.00140674856954443,"UR","Immune"
"8054","ENSG00000278933","",1.33677029572916,3.28699434871499,1.31605276080813,2.49761593653478,0.0125031572957892,0.0262385282138203,"UR","Immune"
"8109","ENSG00000186994","KANK3",2.10775425751008,3.99749721613465,1.30324576408344,3.067339504415,0.00215973405367615,0.00532013200699832,"UR","Immune"
"8146","ENSG00000267594","CYP4F24P",2.78183378184314,4.2190007696584,1.184104827861,3.56302978451638,0.000366599066327932,0.00103056872609778,"UR","Immune"
"8259","ENSG00000273837","",1.36952167907924,3.20842824107912,1.33761809645747,2.39861306420442,0.0164572948824131,0.0335521703438612,"UR","Immune"
"8260","ENSG00000182310","SPACA6",2.06564611096206,3.90243796539594,1.15571751124444,3.37663652876032,0.000733779451391104,0.00196770069048793,"UR","Immune"
"8276","ENSG00000131042","LILRB2",1.86254490708445,3.82886341425071,1.39305777463784,2.74853167180816,0.00598628511692049,0.013482100795458,"UR","Immune"
"8321","ENSG00000089101","CFAP61",1.85853616611656,3.77920873698214,1.26292129588811,2.99243408855858,0.00276762422585657,0.0066830663025068,"UR","Immune"
"8387","ENSG00000160214","RRP1",2.60100600290263,3.56291006932178,1.04444448392464,3.41129674593491,0.000646546847934598,0.00174339753839284,"UR","Immune"
"8447","ENSG00000239900","ADSL",2.24251036588304,3.90684243289871,1.29048269169812,3.02742722396205,0.0024664509648085,0.00601204244615662,"UR","Immune"
"8551","ENSG00000172534","HCFC1",2.38919741930012,3.70137401386533,1.21485166978447,3.04677032260407,0.00231314382669659,0.00567013626944585,"UR","Immune"
"2851","ENSG00000169093","ASMTL",13.7354098132411,-6.71350031436547,0.910355833480939,-7.37458921825654,0.000000000000164852550984417,0.0000000000012215352253213,"DR","Immune"
"2852","ENSG00000169093","ASMTL",25.3660237562157,-3.17870081047369,0.422801972586487,-7.51817876115386,0.0000000000000555445244039668,0.000000000000427289441923253,"DR","Immune"
"117","ENSG00000025770","NCAPH2",104.531241569332,-8.67644850136418,0.856640459111484,-10.1284598562663,0.00000000000000000000000413104746013349,0.0000000000000000000000634990030058101,"DR","Immune"
"178","ENSG00000048740","CELF2",87.8734229429659,-8.47547912011357,0.836341461171976,-10.1339937257646,0.00000000000000000000000390372041158891,0.0000000000000000000000600605922542786,"DR","Immune"
"203","ENSG00000056998","GYG2",23.4818825273272,-7.50970502874879,0.889722257389003,-8.44050485011685,0.0000000000000000315969941942545,0.00000000000000030894007814548,"DR","Immune"
"205","ENSG00000057704","TMCC3",33.5536871626852,-7.98986362326972,0.870537454617436,-9.1780814034945,0.0000000000000000000438840229835638,0.000000000000000000515379954357078,"DR","Immune"
"268","ENSG00000066336","SPI1",55.2936708226528,-8.7034084275288,0.943282836629891,-9.22672192215842,0.0000000000000000000279040857359906,0.000000000000000000333155428252535,"DR","Immune"
"309","ENSG00000070785","EIF2B3",26.7041066275453,-7.70645094820636,0.957315314920403,-8.05006545711339,0.000000000000000827497674579052,0.00000000000000733954459191855,"DR","Immune"
"338","ENSG00000072849","DERL2",7.24217795314937,-5.31232236943089,0.967879199894953,-5.4886212762992,0.0000000405083102323536,0.000000187181017415943,"DR","Immune"
"393","ENSG00000078399","HOXA9",6.89490671946688,-5.24191651322384,1.22872205212255,-4.26615319890183,0.000019887224399129,0.0000671193823470603,"DR","Immune"
"551","ENSG00000095383","TBC1D2",5.56115023034217,-4.52036246656678,0.924216492550647,-4.89102120877708,0.00000100314153652595,0.00000397503854905391,"DR","Immune"
"554","ENSG00000095713","CRTAC1",32.2321430291392,-7.96359874192067,0.872695864503533,-9.12528529793261,0.0000000000000000000715475583598,0.000000000000000000830816482317172,"DR","Immune"
"559","ENSG00000095970","TREM2",82.9438520143523,-8.80879548932831,0.874713711315217,-10.070489778974,0.00000000000000000000000746056284440305,0.000000000000000000000112788966551616,"DR","Immune"
"603","ENSG00000100258","LMF2",83.8789357819196,-9.33703332603533,0.861328427553723,-10.840270711317,0.00000000000000000000000000221813711289691,0.0000000000000000000000000413218688314639,"DR","Immune"
"675","ENSG00000102081","FMR1",123.103677664937,-8.35676739944672,0.942798878413202,-8.86378589409414,0.000000000000000000773422175574956,0.00000000000000000843566206547892,"DR","Immune"
"725","ENSG00000103489","XYLT1",62.865612889738,-8.92519159210556,0.865201446523747,-10.3157381763122,0.000000000000000000000000598198320538447,0.00000000000000000000000964354053519736,"DR","Immune"
"750","ENSG00000104205","SGK3",3.90907131062914,-4.09722774634714,1.10090793788676,-3.72168062863816,0.000197901225654534,0.000580838339736328,"DR","Immune"
"759","ENSG00000104524","PYCR3",18.1662263525003,-6.6617355417163,0.956619621457235,-6.96382908346409,0.00000000000331146331287657,0.0000000000219753493100291,"DR","Immune"
"930","ENSG00000109667","SLC2A9",23.3240827832744,-7.49886240575321,0.889515320883909,-8.43027908535809,0.0000000000000000344841802751498,0.000000000000000335976765841141,"DR","Immune"
"964","ENSG00000110852","CLEC2B",57.7877468131505,-8.80579010373279,0.860943854498614,-10.2280654629459,0.00000000000000000000000148455222457945,0.0000000000000000000000234519512035859,"DR","Immune"
"971","ENSG00000111262","KCNA1",4.58040595380959,-5.12273203129824,1.08264876315362,-4.73166571250345,0.00000222684919095933,0.00000845701126899837,"DR","Immune"
"1020","ENSG00000112584","FAM120B",25.3825790461546,-7.13135527321875,0.903772854943606,-7.89064999486373,0.00000000000000300616661390267,0.000000000000025658004714942,"DR","Immune"
"1038","ENSG00000112981","NME5",60.344557602899,-8.87086290073424,0.873039036638056,-10.1609006338303,0.00000000000000000000000296326349288297,0.0000000000000000000000458473464011219,"DR","Immune"
"1086","ENSG00000114544","SLC41A3",5.39291116316307,-5.3570433674729,0.995951326848947,-5.37882045342702,0.0000000749754339605861,0.000000336655997490415,"DR","Immune"
"1232","ENSG00000120280","CXorf21",100.276948390546,-9.6018896998993,0.856788390912302,-11.2068391702591,0.0000000000000000000000000000377432063939153,0.000000000000000000000000000769961410435873,"DR","Immune"
"1274","ENSG00000122224","LY9",215.851557115528,-9.77032490715749,0.854042636959893,-11.4400903237531,0.00000000000000000000000000000263610946767863,0.0000000000000000000000000000576941362171148,"DR","Immune"
"1314","ENSG00000123843","C4BPB",35.1891364106188,-7.93584871418814,0.871877311927941,-9.1020245688467,0.0000000000000000000886633736441748,0.00000000000000000102452698328416,"DR","Immune"
"1316","ENSG00000123901","GPR83",6.41873260117093,-5.60418390468847,0.976453207353576,-5.73932663898678,0.00000000950537297468912,0.0000000466350305919724,"DR","Immune"
"1364","ENSG00000125498","KIR2DL1",162.108497255165,-9.33343061288847,0.828655219281356,-11.2633461972071,0.0000000000000000000000000000199053988844096,0.000000000000000000000000000413212074329126,"DR","Immune"
"1392","ENSG00000125900","SIRPD",3.87980265868388,-4.74975545125601,1.12476212916468,-4.22289773819417,0.00002411812664978,0.0000806247066075188,"DR","Immune"
"1536","ENSG00000130768","SMPDL3B",195.38726367362,-9.94405688090931,0.84985344015226,-11.70090795788,0.000000000000000000000000000000126097012819441,0.00000000000000000000000000000294297604495542,"DR","Immune"
"1570","ENSG00000131759","RARA",198.363008645265,-10.1148465105864,0.854322596004746,-11.8396101869348,0.0000000000000000000000000000000243582455495546,0.000000000000000000000000000000582482850160405,"DR","Immune"
"1605","ENSG00000132677","RHBG",5.41998716163097,-4.51377684445141,0.984588159882853,-4.58443136771873,0.00000455223578212413,0.0000166676587777131,"DR","Immune"
"1661","ENSG00000134516","DOCK2",207.88046254306,-8.83594449020845,0.690098651593945,-12.8038860383218,0.000000000000000000000000000000000000155947628456,0.00000000000000000000000000000000000478085085826892,"DR","Immune"
"1686","ENSG00000135363","LMO2",12.3996378081603,-6.58067288222452,0.943426466651117,-6.97528966468786,0.00000000000305241240345927,0.0000000000203707845536191,"DR","Immune"
"1800","ENSG00000138442","WDR12",8.81712298571207,-6.06762388112245,0.923241242442646,-6.57208928954383,0.0000000000496140938842825,0.000000000299752573069062,"DR","Immune"
"1892","ENSG00000141127","PRPSAP2",12.0999624651891,-6.03753273334975,0.920352405108501,-6.56002276936298,0.0000000000537995628503989,0.000000000323973752383379,"DR","Immune"
"1948","ENSG00000142621","FHAD1",19.4454806705171,-6.29092875177547,0.871654685720419,-7.21722587491863,0.000000000000530588070195293,0.00000000000380696364390231,"DR","Immune"
"2089","ENSG00000147140","NONO",28.12392346348,-7.75765923915806,0.881780486478887,-8.79772160771649,0.0000000000000000013962189027106,0.0000000000000000150398442949087,"DR","Immune"
"2146","ENSG00000149507","OOSP2",4.0196417319782,-4.31790962180205,1.00300805070993,-4.30496008356648,0.0000167015847191064,0.0000569024713192812,"DR","Immune"
"2303","ENSG00000155849","ELMO1",112.464593911262,-8.81633007495388,0.837493538479641,-10.5270425022726,0.0000000000000000000000000648397024501147,0.00000000000000000000000111373310112858,"DR","Immune"
"2424","ENSG00000160218","TRAPPC10",67.776250490109,-8.56068964383103,0.87115738035167,-9.82680034275235,0.0000000000000000000000863177043432529,0.00000000000000000000121491801240878,"DR","Immune"
"2517","ENSG00000162777","DENND2D",101.358228737795,-8.66283219131469,0.828218103656516,-10.4596025528408,0.000000000000000000000000132409903922442,0.00000000000000000000000223259311470861,"DR","Immune"
"2660","ENSG00000165349","SLC7A3",10.4480917298314,-6.33767413411105,0.993209206876461,-6.3810062273208,0.000000000175928152914073,0.00000000101079165464261,"DR","Immune"
"2855","ENSG00000169174","PCSK9",43.459379484018,-8.40065086249136,0.860793224738105,-9.75919723932218,0.000000000000000000000168483544024615,0.00000000000000000000232777766008591,"DR","Immune"
"2888","ENSG00000169896","ITGAM",68.2713962081996,-8.5150363551408,0.875827388552031,-9.72227686236024,0.000000000000000000000242301809000746,0.00000000000000000000330073791585187,"DR","Immune"
"2891","ENSG00000169955","ZNF747",128.147155435447,-9.31811397592629,0.875666280946572,-10.6411702479324,0.0000000000000000000000000191706280807837,0.000000000000000000000000338435318810758,"DR","Immune"
"2934","ENSG00000170891","CYTL1",17.7361327475094,-7.0920516298669,0.901986330513999,-7.86270411196307,0.00000000000000375928294022949,0.0000000000000317254296753586,"DR","Immune"
"2991","ENSG00000172243","CLEC7A",47.4564823081955,-8.52974087997366,1.19223798529727,-7.15439449603417,0.00000000000084043054493211,0.00000000000592460508722619,"DR","Immune"
"3184","ENSG00000177192","PUS1",19.7214423471218,-7.26052032226402,0.93184333856471,-7.79156755409893,0.00000000000000661829123700541,0.0000000000000546803222001387,"DR","Immune"
"3230","ENSG00000178209","PLEC",24.8151143630409,-7.59156328171885,0.99704469122536,-7.6140651954015,0.0000000000000265606714380336,0.000000000000210095038220233,"DR","Immune"
"3289","ENSG00000180233","ZNRF2",6.40393252348829,-5.62617617069891,1.08606543320382,-5.18032891821451,0.000000221494990570356,0.00000094256585737434,"DR","Immune"
"3417","ENSG00000183784","C9orf66",7.34667838368143,-5.76423644268089,0.941454303889885,-6.12269381409625,0.00000000092006395083228,0.0000000049521617992028,"DR","Immune"
"3502","ENSG00000185674","LYG2",20.6389025815689,-7.31502093808172,0.893472173125308,-8.18718384087357,0.000000000000000267409538807482,0.00000000000000243856248303247,"DR","Immune"
"3619","ENSG00000188393","CLEC2A",44.1648951850556,-8.42997148727636,0.865071604841076,-9.74482509898708,0.000000000000000000000194112839934032,0.00000000000000000000267293380589161,"DR","Immune"
"3816","ENSG00000198417","MT1F",114.183418122303,-9.29879965155765,0.894752907579724,-10.3925894766976,0.000000000000000000000000267977094635092,0.00000000000000000000000440602339477639,"DR","Immune"
"3861","ENSG00000199308","RNU6-222P",35.0591268572654,-8.00785172139628,1.00085815600887,-8.00098562750314,0.00000000000000123427196349082,0.0000000000000108082193559736,"DR","Immune"
"3884","ENSG00000203709","MIR29B2CHG",59.9762503882014,-8.26327363240644,0.897363954737753,-9.20838594951288,0.0000000000000000000331065416590183,0.000000000000000000392152325715855,"DR","Immune"
"3904","ENSG00000204267","TAP2",86.3530163691009,-9.39109160543069,0.853764270667861,-10.9996306100798,0.000000000000000000000000000383700440342023,0.0000000000000000000000000075121635974071,"DR","Immune"
"3908","ENSG00000204382","XAGE1B",422.418943766997,-10.3957501119655,0.816377594856616,-12.7339973285173,0.000000000000000000000000000000000000382731338310367,0.0000000000000000000000000000000000114986411531646,"DR","Immune"
"3914","ENSG00000204471","TBC1D3P4",3.71547571729735,-4.78911030555845,1.15147800835385,-4.15909836819631,0.0000319506289824622,0.000105044208775608,"DR","Immune"
"3939","ENSG00000205018",NA,41.3783771556825,-8.31545064164723,0.872203818847278,-9.53383883670345,0.000000000000000000001515722466711,0.0000000000000000000195670297186974,"DR","Immune"
"3994","ENSG00000207162","RNU6-549P",3.6736341694271,-4.79881055912683,1.01707935040592,-4.71822631853808,0.00000237909745476943,0.00000899138238338586,"DR","Immune"
"4250","ENSG00000225988","LAMP5-AS1",28.6073507087417,-7.79985374758071,0.978155785408459,-7.97404039717829,0.00000000000000153569307228158,0.0000000000000133627131787155,"DR","Immune"
"4306","ENSG00000227308",NA,13.9779875352625,-6.73104287961048,0.954955017483636,-7.04854444070798,0.00000000000180799009797838,0.0000000000122993941453251,"DR","Immune"
"4329","ENSG00000227917",NA,2.66972178234681,-4.3382390633613,1.10541694881944,-3.9245273631768,0.0000869001818865975,0.000267599441948218,"DR","Immune"
"4352","ENSG00000228775","WEE2-AS1",3.11489199949583,-4.4817022841478,1.07146492039716,-4.18278022810731,0.0000287965734991137,0.0000953767449387363,"DR","Immune"
"4403","ENSG00000230267","HERC2P4",23.2847518909683,-7.49235287229634,0.947555680616149,-7.90703177192124,0.00000000000000263598367301475,0.0000000000000225800903125431,"DR","Immune"
"4425","ENSG00000230790",NA,3.22344211856054,-4.52901315816409,1.05164208820667,-4.30661078417588,0.0000165774922625753,0.0000565146445526706,"DR","Immune"
"4445","ENSG00000231202","TRGVB",27.9990451477613,-6.82375055904422,0.877629221708853,-7.77520892679203,0.00000000000000753229844513356,0.0000000000000619839140973042,"DR","Immune"
"4466","ENSG00000231926","SEPHS1P7",6.84506032295809,-5.70317758615722,0.960089614714635,-5.94025547068579,0.00000000284578248142871,0.0000000146995028831285,"DR","Immune"
"4480","ENSG00000232381","OR52U1P",65.0093857345727,-8.95626286080899,0.867176175632713,-10.3280776299859,0.000000000000000000000000526042299560494,0.00000000000000000000000848859663861095,"DR","Immune"
"4484","ENSG00000232500",NA,13.1053913356732,-6.65553596844732,0.971540304368171,-6.85049908740087,0.00000000000735927813716744,0.0000000000474647587582181,"DR","Immune"
"4506","ENSG00000233018",NA,6.41560891954798,-5.62973238907764,1.06543270133544,-5.28398685531354,0.000000126402324871777,0.000000553583889790946,"DR","Immune"
"4528","ENSG00000233746","LINC00656",11.2551207784901,-5.88955273072445,0.965960706070887,-6.09709348807844,0.00000000108014355628563,0.0000000057817596773773,"DR","Immune"
"4530","ENSG00000233754",NA,22.6215838337263,-6.96936746938092,0.875879094933371,-7.95699715827912,0.00000000000000176264758741461,0.0000000000000152812112982366,"DR","Immune"
"4555","ENSG00000234614","C2CD4D-AS1",12.7912492646995,-6.61843333545701,0.91586538470678,-7.22642589836054,0.00000000000049587099569842,0.00000000000356405930096594,"DR","Immune"
"4705","ENSG00000240401",NA,4.44804110073116,-4.60900655052357,1.07886024897292,-4.27210711944513,0.0000193634513870401,0.0000654050839573693,"DR","Immune"
"4771","ENSG00000243680","RPL37P23",9.2608584141241,-6.14277500661649,0.926354330314806,-6.63112893802631,0.0000000000333129072432399,0.000000000204177477480451,"DR","Immune"
"4877","ENSG00000249851","RPS27AP18",3.40809415279058,-4.69678533053051,1.03428038018058,-4.54111420900249,0.00000559577064636676,0.0000202506601315296,"DR","Immune"
"4983","ENSG00000253552","HOXA-AS2",17.716025264449,-6.5990177105472,0.885220391370307,-7.45466075440493,0.0000000000000900993597920884,0.000000000000682623485192329,"DR","Immune"
"5012","ENSG00000254415","SIGLEC14",130.570882668458,-9.50993731768891,0.862799566372578,-11.0221860190207,0.000000000000000000000000000298715203011448,0.00000000000000000000000000586916767486465,"DR","Immune"
"5057","ENSG00000255882",NA,104.316365958213,-9.66508296398413,0.852354145002712,-11.339280768035,0.0000000000000000000000000000083830583859365,0.000000000000000000000000000179200073440122,"DR","Immune"
"5179","ENSG00000259783","LINC02259",8.64652458150815,-6.02545347868499,1.01528262273095,-5.9347548591716,0.00000000294284867429068,0.000000015177163387634,"DR","Immune"
"5191","ENSG00000260148",NA,26.8132003257921,-7.69450117153821,0.885186452662117,-8.69252025762222,0.00000000000000000354486603850267,0.0000000000000000370964955162876,"DR","Immune"
"5207","ENSG00000260438",NA,5.19883929030138,-4.96995878574301,0.999423358698476,-4.97282632278604,0.00000065983771063637,0.00000267365334246086,"DR","Immune"
"5269","ENSG00000261997",NA,310.248612212687,-10.7603814919997,0.872188075628787,-12.3372261014257,0.0000000000000000000000000000000000570889985434497,0.00000000000000000000000000000000155923737509415,"DR","Immune"
"5358","ENSG00000266984","POLR3GP2",3.00914963236083,-4.45818732848034,1.10301443622519,-4.04182137791184,0.0000530376280276562,0.000168602109566947,"DR","Immune"
"5371","ENSG00000267254","ZNF790-AS1",6.81139593280654,-5.70167570877681,0.975462932498633,-5.84509725466662,0.00000000506272394797683,0.000000025551756419172,"DR","Immune"
"5429","ENSG00000268941","LINC01711",10.3792976583231,-5.86808560162848,1.07404650639763,-5.46353027236238,0.0000000466757628166982,0.000000213944606042475,"DR","Immune"
"5445","ENSG00000269475",NA,46.0567895609907,-8.43221300180694,0.862809922126012,-9.77296712238716,0.000000000000000000000147080260791326,0.0000000000000000000020388877762717,"DR","Immune"
"5446","ENSG00000269516","CYP4F23P",321.564905299606,-10.053599498875,0.993131836364206,-10.1231267901759,0.00000000000000000000000436251793104122,0.0000000000000000000000668703583418601,"DR","Immune"
"5461","ENSG00000269959","SPACA6P-AS",5.38799950045107,-5.35552174558206,0.967789446685004,-5.53376745729816,0.0000000313424455945324,0.00000014659002858875,"DR","Immune"
"5483","ENSG00000270789",NA,18.0847951943959,-7.13043957159363,0.947730733957494,-7.52369772985902,0.0000000000000532483710954592,0.000000000000410889253591711,"DR","Immune"
"5544","ENSG00000273018","FAM106A",25.7497982479872,-7.63884034708069,0.972748782307838,-7.8528397938033,0.00000000000000406721072728832,0.0000000000000342018270013803,"DR","Immune"
"5722","ENSG00000279806",NA,141.575963117353,-9.62475790066052,0.856270069626073,-11.2403297067987,0.0000000000000000000000000000258415402633794,0.000000000000000000000000000531762903252902,"DR","Immune"
"5734","ENSG00000280003",NA,3.0183484826083,-3.99556219028992,1.05002793239829,-3.80519609717805,0.000141691889051534,0.000424228442596041,"DR","Immune"
"5744","ENSG00000280272",NA,15.1144088306717,-6.86212581625552,0.889696370870586,-7.71288502564172,0.0000000000000123004894108351,0.0000000000000995851479787555,"DR","Immune"
"5763","ENSG00000281379","SEPT14P19",7.23527764424395,-5.30288769300301,0.951926434984298,-5.57069065225664,0.0000000253731492287932,0.000000119653515370028,"DR","Immune"
"5780","ENSG00000283051","LINC01668",123.721555244493,-8.55994588549885,0.754017741858679,-11.3524462493393,0.00000000000000000000000000000721163752974121,0.000000000000000000000000000154559142077099,"DR","Immune"
"5832","ENSG00000285413",NA,24.3871616875256,-7.56498918088689,0.874991260818986,-8.64578827199498,0.00000000000000000534351156130229,0.0000000000000000550818372045908,"DR","Immune"
"5838","ENSG00000285538",NA,14.2618259672119,-6.72362862616319,0.920731183677647,-7.30248822387792,0.00000000000028249404125614,0.0000000000020654564326179,"DR","Immune"
"5998","ENSG00000223345","H2BP1",1.32065907351728,3.07997210729527,1.3193484597655,2.33446447335278,0.0195714142288979,0.0390718918350016,"UR","Immune"
"6115","ENSG00000272750","",2.32827433583405,4.09268243135428,1.16865049995178,3.50205851238086,0.000461678216195909,0.00127614099103734,"UR","Immune"
"6363","ENSG00000275789","MIR8064",1.68020855622884,3.65752415787883,1.27013524922792,2.87963361390226,0.00398137554251948,0.00930790173522806,"UR","Immune"
"6374","ENSG00000241537","",1.12698739499795,3.03774279062893,1.33568992917662,2.27428741077769,0.0229487115934074,0.0449347683812612,"UR","Immune"
"6636","ENSG00000170074","FAM153A",1.99650390234923,3.74977504729273,1.19921023439357,3.12687045169269,0.00176677760780531,0.00442068945962673,"UR","Immune"
"6663","ENSG00000272345","",1.75369028411965,3.14453823909877,1.239308700634,2.53733249632646,0.0111700808061119,0.0237669862529221,"UR","Immune"
"6681","ENSG00000204516","MICB",2.82880567213844,2.82686653265666,1.22473907717126,2.30813777836319,0.0209914745599023,0.0414957681095616,"UR","Immune"
"6888","ENSG00000106028","SSBP1",2.11538910792988,4.00597075149086,1.13923386824986,3.51637259314015,0.000437486570803184,0.00121455445160481,"UR","Immune"
"6889","ENSG00000251578","TRBV21-1",1.99230745688123,3.88438364575394,1.22219668940076,3.17819846792291,0.00148193272143322,0.00375459311391637,"UR","Immune"
"6980","ENSG00000244307","RN7SL395P",1.48343737463243,2.94120836114585,1.29486754981601,2.27143568588445,0.023120616175207,0.0452284907871577,"UR","Immune"
"7227","ENSG00000236607","EEF1DP8",2.32440408009932,4.04636906492143,1.4103465456365,2.86906014513991,0.00411693504521879,0.0095990171704805,"UR","Immune"
"7489","ENSG00000153531","ADPRHL1",1.32741883668099,3.10605008539673,1.38434161930029,2.24370201841267,0.024851580166321,0.0481246350249956,"UR","Immune"
"7549","ENSG00000271656","",1.39768245987448,3.35488444828426,1.28535570354153,2.61008251571186,0.009052038524441,0.019621656116734,"UR","Immune"
"7603","ENSG00000259254","",1.5648091353733,3.45423109733106,1.52779949321166,2.26091912759426,0.0237642654410483,0.0462957701188261,"UR","Immune"
"7643","ENSG00000129028","THAP10",1.70213637478861,3.44819554590402,1.40225478352819,2.45903639367739,0.0139310494813377,0.0289155459904062,"UR","Immune"
"7712","ENSG00000140993","TIGD7",1.97239063785405,3.79230972122408,1.24767523104515,3.03950068644654,0.0023697066258205,0.00579417465005296,"UR","Immune"
"7771","ENSG00000197471","SPN",2.10235563071555,4.00161911024319,1.18543049051332,3.37566744087237,0.000736368688421299,0.00197400327830525,"UR","Immune"
"7828","ENSG00000270020","",1.51012246360992,3.34379125257634,1.22426538842764,2.73126340431046,0.00630920236121955,0.0141283723833571,"UR","Immune"
"7846","ENSG00000158792","SPATA2L",2.71858524080739,3.52610670577653,1.24107113031165,2.84118018674004,0.00449469087821865,0.0104195106722342,"UR","Immune"
"8032","ENSG00000266373","",4.19613371244476,3.64579369826363,1.42468773659417,2.55901248015174,0.0104969972903684,0.0224156607942682,"UR","Immune"
"8055","ENSG00000279366","",1.2330375236204,3.06937729063799,1.35841704635652,2.2595250102835,0.0238507463619038,0.0464259315448342,"UR","Immune"
"8066","ENSG00000282059","CICP19",2.76047148836362,3.83331522398513,1.08334874126806,3.53839449658496,0.000402568120266448,0.00112346491080677,"UR","Immune"
"8206","ENSG00000090006","LTBP4",1.82320079201263,3.28267137443924,1.26374833815029,2.59756731252678,0.00938867165879838,0.0202715811433405,"UR","Immune"
"8431","ENSG00000183822","NCF4-AS1",2.00681711922048,3.82251075358307,1.18000599546901,3.23939943378317,0.0011978169849463,0.00309213058260469,"UR","Immune"
"8433","ENSG00000100124","ANKRD54",1.89123550230884,3.17578335163772,1.12517899288131,2.822469466396,0.00476553596680201,0.0109964692522604,"UR","Immune"
"8560","ENSG00000230542","LINC00102",2.13339679149015,3.89952142452425,1.12624183438925,3.46241926507633,0.000535342499289917,0.00146190703326171,"UR","Immune"
"76","ENSG00000010704","HFE",9.7158217569748,5.85231860177941,1.14186409673296,5.12523216950575,0.000000297171326618247,0.00000124821021887135,"UR","Cancer"
"81","ENSG00000011143","MKS1",20.2375389173505,7.18408475329225,0.933232990448148,7.69806128461273,0.0000000000000138146116950234,0.000000000000111243978386241,"UR","Cancer"
"111","ENSG00000023608","SNAPC1",2.47991061939803,4.2412733821432,1.14572530047175,3.70182397158975,0.000214055110578238,0.000625030331718466,"UR","Cancer"
"207","ENSG00000058272","PPP1R12A",24.3764951790701,7.59404515245356,0.914858891109905,8.30078302375187,0.000000000000000103427434388122,0.000000000000000976591386188191,"UR","Cancer"
"274","ENSG00000067167","TRAM1",23.8627952963655,7.04456808426859,0.89297718159503,7.88885564991217,0.00000000000000304970023270108,0.0000000000000260161314636823,"UR","Cancer"
"531","ENSG00000091164","TXNL1",87.9932301574306,9.44324727021903,0.860448662026382,10.9747945310065,0.000000000000000000000000000505205810653853,0.0000000000000000000000000098212009591109,"UR","Cancer"
"556","ENSG00000095917","TPSD1",115.108028296674,9.326609570111,0.871653904708873,10.6998999485077,0.000000000000000000000000010188817045993,0.000000000000000000000000183598705417653,"UR","Cancer"
"596","ENSG00000100116","GCAT",15.7717827125153,6.96469367902084,0.907947383433235,7.67081199428666,0.0000000000000170910904429904,0.000000000000136960804306486,"UR","Cancer"
"673","ENSG00000102048","ASB9",68.3611878627512,9.08707286115209,0.85780543744552,10.5933961997405,0.0000000000000000000000000319775172546958,0.00000000000000000000000055679293479093,"UR","Cancer"
"729","ENSG00000103534","TMC5",9.51760447386867,6.22477871206391,0.952362586552197,6.53614369144765,0.0000000000631252708844117,0.000000000377654589461991,"UR","Cancer"
"777","ENSG00000104879","CKM",176.058724743291,9.95988780285978,0.861209678754477,11.564997524487,0.000000000000000000000000000000619930848506421,0.0000000000000000000000000000140904227520221,"UR","Cancer"
"833","ENSG00000105835","NAMPT",3.89154289955196,4.87609160820486,1.15774252589002,4.21172367703807,0.0000253429438070219,0.0000844287910216188,"UR","Cancer"
"901","ENSG00000108379","WNT3",58.0159004609418,8.8317377635172,0.861114977999082,10.256165540215,0.00000000000000000000000111028345866383,0.0000000000000000000000176746858101745,"UR","Cancer"
"965","ENSG00000110900","TSPAN11",105.423295478644,9.69567003910943,0.853362394174496,11.3617263958398,0.00000000000000000000000000000648502518446644,0.000000000000000000000000000139529369984536,"UR","Cancer"
"999","ENSG00000111907","TPD52L1",4.49798691349245,4.63502280543351,1.01026156675038,4.58794331882046,0.00000447634129266103,0.0000164043165934644,"UR","Cancer"
"1036","ENSG00000112964","GHR",59.6308804961568,8.88079113311422,0.886112813292242,10.0221901770258,0.0000000000000000000000121774015936002,0.000000000000000000000181605942177482,"UR","Cancer"
"1045","ENSG00000113248","PCDHB15",3.78670005235617,4.89088053847136,1.01600568729003,4.81383185119436,0.00000148063404575696,0.00000575535096967492,"UR","Cancer"
"1068","ENSG00000113812","ACTR8",7.75131866713175,5.36827330646583,0.932901707208908,5.75438255175547,0.00000000869590365601057,0.0000000429826838204961,"UR","Cancer"
"1082","ENSG00000114446","IFT57",19.2730119111713,7.13357478869207,0.88315648637006,8.0773621649006,0.000000000000000661827691480588,0.00000000000000590498961880412,"UR","Cancer"
"1197","ENSG00000118402","ELOVL4",8.80341313349931,6.09695554573544,1.02832927509295,5.92899151410848,0.00000000304800836871451,0.0000000156999034553113,"UR","Cancer"
"1204","ENSG00000119138","KLF9",57.0916870977075,8.33896676383849,1.21765104126568,6.84840441245843,0.00000000000746782064816821,0.0000000000481460274640388,"UR","Cancer"
"1289","ENSG00000122644","ARL4A",21.4157713022056,6.92062912392648,0.911572414663817,7.59196857276421,0.000000000000031508144940588,0.000000000000247806086148632,"UR","Cancer"
"1369","ENSG00000125676","THOC2",22.5175081466403,7.44782111117847,1.31007540674846,5.68503238272641,0.0000000130787875090393,0.0000000634136985913631,"UR","Cancer"
"1415","ENSG00000126583","PRKCG",18.3789228012546,7.1614475004072,0.88932212657384,8.0527036114541,0.000000000000000809848541746888,0.00000000000000718686213954113,"UR","Cancer"
"1470","ENSG00000128607","KLHDC10",68.8373155125473,8.13303301969996,0.854602018120548,9.51674913848932,0.00000000000000000000178681232737228,0.000000000000000000022941170860528,"UR","Cancer"
"1517","ENSG00000130414","NDUFA10",25.9447998354563,7.6839099888741,0.881283256319754,8.71900144904848,0.00000000000000000280665976802764,0.0000000000000000295396471381457,"UR","Cancer"
"1552","ENSG00000131187","F12",3.2918636260321,4.5535387466857,1.10640087006339,4.11563192861988,0.0000386120062406337,0.000125324060326111,"UR","Cancer"
"1707","ENSG00000135898","GPR55",12.1582733929825,6.56016082765484,0.94625579759264,6.93275628465842,0.00000000000412718902270286,0.0000000000270948237628693,"UR","Cancer"
"1736","ENSG00000136531","SCN2A",10.4123415180232,6.35621235585482,0.914494112212847,6.95052299513922,0.00000000000363934469682856,0.0000000000240065995091398,"UR","Cancer"
"1779","ENSG00000137648","TMPRSS4",18.2144705421961,7.16420643840857,0.898416920450948,7.97425591095567,0.00000000000000153301596903289,0.000000000000013346446718809,"UR","Cancer"
"1818","ENSG00000139192","TAPBPL",5.29961857869402,5.35269552526548,1.03619867401885,5.16570389393116,0.00000023953574718364,0.00000101617676079763,"UR","Cancer"
"1961","ENSG00000143125","PROK1",3.63035790679577,4.25634390511067,1.03795054082191,4.10071938662921,0.0000411867757619148,0.000133004677597467,"UR","Cancer"
"1971","ENSG00000143341","HMCN1",7.45862853693814,5.34318078569515,0.928969594416312,5.75172838574159,0.00000000883356419313409,0.0000000435979135983715,"UR","Cancer"
"1996","ENSG00000143839","REN",10.7855888699394,6.38006066539592,0.915600428850131,6.96817133802395,0.00000000000321087044801804,0.0000000000213506733533401,"UR","Cancer"
"2003","ENSG00000143924","EML4",2.99503506598729,4.52158502590994,1.07183907083946,4.21852976713066,0.0000245900510930562,0.0000821192409582986,"UR","Cancer"
"2078","ENSG00000146648","EGFR",42.0850360379291,8.36340760880128,0.865776186450173,9.6600111434026,0.000000000000000000000445815466997928,0.00000000000000000000596973644787177,"UR","Cancer"
"2101","ENSG00000147536","GINS4",4.53876170340103,5.13328001917691,0.99301713009489,5.16937710700559,0.000000234875525495325,0.000000996682892471687,"UR","Cancer"
"2164","ENSG00000150275","PCDH15",36.4772729118384,8.17132103516738,0.935059028947223,8.73882908159008,0.00000000000000000235538905462959,0.0000000000000000249810325665593,"UR","Cancer"
"2208","ENSG00000152348","ATG10",16.9229855415161,7.05761729560059,0.932172688419879,7.57114790346832,0.0000000000000369940564080685,0.000000000000288616519398925,"UR","Cancer"
"2247","ENSG00000153292","ADGRF1",239.68302122009,10.8183850883626,0.854244239322692,12.6642763162678,0.000000000000000000000000000000000000932765762898351,0.0000000000000000000000000000000000276714927578678,"UR","Cancer"
"2307","ENSG00000156011","PSD3",7.22356848176208,5.80106000665907,0.957523086441594,6.05840223468379,0.00000000137480264507782,0.0000000072881741762162,"UR","Cancer"
"2488","ENSG00000162076","FLYWCH2",9.76326099002558,5.77325123040587,0.943018605785686,6.1220968440976,0.000000000923518611794487,0.00000000496913759078219,"UR","Cancer"
"2558","ENSG00000163606","CD200R1",2.45353542139943,4.22399900631722,1.17056694184327,3.6085070023127,0.000307964203772517,0.000875116165629763,"UR","Cancer"
"2586","ENSG00000163913","IFT122",3.20091082567051,4.54012508816108,1.08388556102173,4.18874948742864,0.0000280495827033281,0.0000931266434779572,"UR","Cancer"
"2642","ENSG00000164935","DCSTAMP",3.46341880044729,4.66989417308125,1.14691905343074,4.07168593032992,0.0000466740844236781,0.00014958156924299,"UR","Cancer"
"2652","ENSG00000165186","PTCHD1",44.2234829949862,8.45678667138411,0.859749990053358,9.83633238641766,0.0000000000000000000000785212561279841,0.00000000000000000000110896174039214,"UR","Cancer"
"2674","ENSG00000165733","BMS1",28.7522494635965,7.82148976298891,0.881242476682726,8.87552514766589,0.00000000000000000069604204987771,0.00000000000000000762692230250615,"UR","Cancer"
"2885","ENSG00000169855","ROBO1",52.0735321981043,8.69261086562384,0.883368825890264,9.84029616039867,0.000000000000000000000075488290077444,0.00000000000000000000106703892663788,"UR","Cancer"
"2917","ENSG00000170464","DNAJC18",12.6924795547189,6.63233836223789,0.920074820272274,7.20847719783834,0.000000000000565810438328971,0.00000000000404563032581043,"UR","Cancer"
"2951","ENSG00000171295","ZNF440",43.4439800214074,8.42741594490743,0.891881643168604,9.44902948665609,0.00000000000000000000341986744682701,0.0000000000000000000432032795805578,"UR","Cancer"
"2971","ENSG00000171680","PLEKHG5",16.5276656827482,6.54393542288742,0.890466612874741,7.34888352721196,0.000000000000199869250795887,0.00000000000147571023241789,"UR","Cancer"
"3142","ENSG00000176055","MBLAC2",3.92599378096639,4.84598935947051,1.00721602534745,4.81127110522179,0.00000149973423048353,0.00000582685361497999,"UR","Cancer"
"3208","ENSG00000177693","OR4F4",6.79662843632418,5.7094278098242,0.942387867711854,6.05846913509918,0.00000000137423109152005,0.00000000728748220676424,"UR","Cancer"
"3233","ENSG00000178343","SHISA3",59.985476596872,8.39440028318412,0.904831198685592,9.27731083474828,0.0000000000000000000173809826008511,0.000000000000000000210714128023818,"UR","Cancer"
"3275","ENSG00000179841","AKAP5",12.0114854494634,6.04450470898972,0.925395112282823,6.53180963326979,0.0000000000649797167566375,0.000000000387906372719176,"UR","Cancer"
"3425","ENSG00000183963","SMTN",21.9193796179892,7.41178463149173,0.880863857832596,8.41422265834444,0.0000000000000000395508841795834,0.000000000000000383532165600608,"UR","Cancer"
"3439","ENSG00000184361","SPATA32",2.85495373414877,4.41188304324483,1.11668872665778,3.95086198859505,0.000077870221510909,0.000240734806407158,"UR","Cancer"
"3482","ENSG00000185291","IL3RA",29.8224421580068,-7.85253369206155,0.870083596546807,-9.02503359818152,0.000000000000000000179640238155711,0.00000000000000000203732003794438,"DR","Cancer"
"3514","ENSG00000185942","NKAIN3",4.73837719586875,5.15912775363187,1.07815947395665,4.78512490800532,0.00000170881029045918,0.00000659112540605684,"UR","Cancer"
"3668","ENSG00000196242","OR2C3",8.99189877188236,6.13242330736522,0.928206342352023,6.60674574990083,0.0000000000392859880849722,0.000000000239278167016617,"UR","Cancer"
"3726","ENSG00000197013","ZNF429",8.27958779180061,5.95436980945231,0.92766165408975,6.41868701072366,0.000000000137454680146648,0.000000000796947766576565,"UR","Cancer"
"3889","ENSG00000203756","TMEM244",5.07079322853042,5.28278700600621,0.979877156937825,5.39127478235664,0.0000000699596010303989,0.00000031524746316507,"UR","Cancer"
"3891","ENSG00000203972","GLYATL3",51.0290631067437,8.66552097999161,0.986842144800166,8.78106090791894,0.00000000000000000161939818013087,0.0000000000000000173309167930587,"UR","Cancer"
"3928","ENSG00000204789","ZNF204P",5.35098374968586,5.32915511350875,1.05711280486063,5.04123598636322,0.000000462534656021444,0.0000019021708949971,"UR","Cancer"
"3979","ENSG00000206168",NA,6.8704307001478,5.27501479062582,0.963253938547698,5.47624523454218,0.0000000434445504474806,0.000000200021663860176,"UR","Cancer"
"4063","ENSG00000214050","FBXO16",5.25279648275286,5.33365460638859,1.04487829415426,5.10457020327493,0.000000331547177302587,0.00000138590578237995,"UR","Cancer"
"4127","ENSG00000219102","HNRNPA3P12",8.55970991149656,5.97810218064124,0.951345764011954,6.28383749293294,0.000000000330315992441956,0.00000000185967341025924,"UR","Cancer"
"4136","ENSG00000220598","SSR1P1",14.7732594112896,6.38571027157807,0.931111641602436,6.85815748215576,0.00000000000697543406332037,0.0000000000450947075361134,"UR","Cancer"
"4192","ENSG00000224094","RPS24P8",299.590231720209,10.5901096495103,0.853362849151158,12.4098555029016,0.0000000000000000000000000000000000231069422191953,0.000000000000000000000000000000000644964718293889,"UR","Cancer"
"4218","ENSG00000224851","LINC00502",4.4191543783605,4.84361325432621,1.03874731258368,4.66293697769354,0.00000311728239737628,0.0000116485695011862,"UR","Cancer"
"4305","ENSG00000227233","CICP17",19.5051443372139,7.26974208057509,0.87965138851794,8.26434446130228,0.000000000000000140464473776781,0.00000000000000131206046618854,"UR","Cancer"
"4342","ENSG00000228445","UGT1A2P",181.231128895346,9.5095355498187,0.832198050120354,11.4270101311141,0.00000000000000000000000000000306480618779593,0.0000000000000000000000000000668111575819788,"UR","Cancer"
"4366","ENSG00000229196",NA,56.9920406098607,8.33033630229577,0.870028231887687,9.57478849188786,0.00000000000000000000102066002088428,0.0000000000000000000133640144097399,"UR","Cancer"
"4368","ENSG00000229235","RPL37P18",31.130276278327,7.91074277126025,0.867059089148388,9.12364897648447,0.0000000000000000000726365475658964,0.000000000000000000842869601108758,"UR","Cancer"
"4371","ENSG00000229314","ORM1",8.27170435359115,5.91229643407333,0.941947418596409,6.27667353543281,0.000000000345893290122453,0.00000000194273987966805,"UR","Cancer"
"4429","ENSG00000230852",NA,65.901123496324,9.03200202256772,0.85986820589654,10.503937650713,0.0000000000000000000000000828503618354639,0.00000000000000000000000141281669656265,"UR","Cancer"
"4464","ENSG00000231901",NA,70.9196610224575,9.13647344554145,0.876463441615974,10.424249331719,0.00000000000000000000000019217077484092,0.00000000000000000000000321399785776454,"UR","Cancer"
"4476","ENSG00000232299",NA,55.9787938742885,8.15908422704085,0.901564353592454,9.04991883777284,0.000000000000000000143074644719057,0.00000000000000000163496917658208,"UR","Cancer"
"4523","ENSG00000233644","ARHGEF7-IT1",18.442207482692,7.18981008478119,0.900537812345355,7.9839069345196,0.00000000000000141772927314812,0.0000000000000123688270905489,"UR","Cancer"
"4542","ENSG00000234199","LINC01191",2.83243925838459,4.43837510805542,1.1391467101204,3.89622782440932,0.0000977024895892695,0.000298914263649896,"UR","Cancer"
"4552","ENSG00000234445","FGF14-AS1",23.3528404833269,7.52830649925264,0.899627779408608,8.36824592522205,0.0000000000000000584822410255253,0.000000000000000561511069555945,"UR","Cancer"
"4559","ENSG00000234720","ATP5F1AP8",10.5046195305224,5.84474290710633,1.06907957836773,5.46707936936751,0.0000000457511228376093,0.000000209867408308895,"UR","Cancer"
"4563","ENSG00000234945","GTF3C2-AS1",12.2508342457794,6.59229979530036,0.910590560863535,7.23958722902719,0.000000000000450052347690178,0.00000000000324037690336928,"UR","Cancer"
"4588","ENSG00000235803","MTCO2P23",5.05350724280078,4.80506595322449,0.990176404196519,4.85273728283151,0.00000121768955216086,0.00000478163074142253,"UR","Cancer"
"4612","ENSG00000236375","POU5F1P5",3.65624465471655,4.67639656964462,1.14427081500071,4.08679178769556,0.0000437379310071991,0.000140608087930537,"UR","Cancer"
"4651","ENSG00000237742",NA,3.33656453024483,4.61192501556145,1.28732297228339,3.58257027557042,0.000340230046220126,0.000959818938099486,"UR","Cancer"
"4659","ENSG00000238003","RPL10P4",4.19388249551839,3.93845979104248,1.0312129488001,3.81924974431829,0.000133858185153494,0.000402451355799914,"UR","Cancer"
"4665","ENSG00000238178",NA,12.8322828488624,5.76345877489417,0.912092303273576,6.3189424515574,0.000000000263359319681899,0.00000000149441943627187,"UR","Cancer"
"4673","ENSG00000238832",NA,178.194339688182,9.4653200288848,0.830498453726932,11.3971555111372,0.00000000000000000000000000000432004176729953,0.000000000000000000000000000093926802845865,"UR","Cancer"
"4766","ENSG00000243488","RN7SL337P",37.0644587086448,7.66813394355868,0.894031651946956,8.57702736459004,0.00000000000000000973564632104405,0.000000000000000098573419000571,"UR","Cancer"
"4830","ENSG00000248323","LUCAT1",8.85641322980987,6.08219374173648,0.979830905351817,6.20739120241632,0.000000000538713789466229,0.00000000297119714857809,"UR","Cancer"
"4834","ENSG00000248456","LINC02485",13.9562990672652,6.2876426950674,0.923784996500331,6.8063918756935,0.0000000000100076880640919,0.000000000063897618845075,"UR","Cancer"
"4846","ENSG00000248839",NA,4.98663267589195,4.78263397966625,0.971693009515996,4.92195985031168,0.000000856817948710182,0.00000342312857458584,"UR","Cancer"
"4849","ENSG00000248950","LDHBP3",2.68267166364643,4.20031817279197,1.09387440343739,3.83985415473012,0.000123107422199173,0.000372023965694794,"UR","Cancer"
"4886","ENSG00000250073",NA,16.8741083850767,6.9845607111456,0.915175252153963,7.63193792085909,0.0000000000000231250795771602,0.000000000000183976319178139,"UR","Cancer"
"4936","ENSG00000251511",NA,4.09656775721207,4.91199298263537,1.01137449978986,4.85674988212175,0.00000119328167405285,0.00000469136007186515,"UR","Cancer"
"4971","ENSG00000253288",NA,148.548185902436,9.30763974197838,0.908629445126754,10.2436034754299,0.0000000000000000000000012643755360238,0.0000000000000000000000200120127943077,"UR","Cancer"
"5198","ENSG00000260285",NA,32.7226280653588,8.01179410157709,0.922573029745319,8.68418417107727,0.00000000000000000381470295167673,0.000000000000000039769180803474,"UR","Cancer"
"5299","ENSG00000263551",NA,5.28385899263431,5.37880460064664,0.996793863725389,5.39610524942845,0.0000000681030069153166,0.000000307216512767866,"UR","Cancer"
"5306","ENSG00000264230","ANXA8L1",7.73109075866603,4.81782966651579,1.27126805234378,3.78978269581569,0.000150779129347453,0.00044940013227585,"UR","Cancer"
"5339","ENSG00000265781",NA,221.599297877588,9.87471268227985,0.893738499679316,11.0487717445573,0.000000000000000000000000000222234543225128,0.00000000000000000000000000437688151639096,"UR","Cancer"
"5430","ENSG00000268970",NA,9.88766035666895,6.24632465719407,0.955485807139496,6.53732856157658,0.0000000000626273676333389,0.000000000374947327091772,"UR","Cancer"
"5574","ENSG00000273812",NA,2.80600381374625,4.44483790677837,1.22586977661259,3.62586466489178,0.000287996163736229,0.000822050200307039,"UR","Cancer"
"5634","ENSG00000276550","HERC2P2",5.37508251017043,5.36527930111783,1.03563868504255,5.18064782496744,0.000000221116614657396,0.000000941198078464401,"UR","Cancer"
"5649","ENSG00000277350",NA,22.3092290886167,7.37680474112902,0.969869007484685,7.60598048210701,0.0000000000000282751962822798,0.000000000000223443014523382,"UR","Cancer"
"5746","ENSG00000280303","ERICD",73.8426386708569,9.18136171055145,0.861247891945929,10.6605331593983,0.0000000000000000000000000155702271816033,0.000000000000000000000000276350627227511,"UR","Cancer"
"5822","ENSG00000284977",NA,94.8201416911457,8.6080530772205,0.857022183576778,10.0441426630228,0.00000000000000000000000974917264743847,0.000000000000000000000146583556711805,"UR","Cancer"
"5868","ENSG00000285898",NA,9.6977622111135,6.2312244935909,0.957403361750278,6.50846314368406,0.0000000000759235314230866,0.000000000450632339524096,"UR","Cancer"
"5917","ENSG00000117602","RCAN3",1.75341791347675,-3.61907740384728,1.17206481492411,-3.08777924033289,0.00201658214207908,0.00499131265963372,"DR","Cancer"
"5960","ENSG00000159658","EFCAB14",2.20596364406521,-3.62666543831135,1.23093761855,-2.94626257550194,0.00321639236057946,0.00767364530265883,"DR","Cancer"
"5988","ENSG00000251484","",2.06425313766659,-3.41714994734186,1.13281457901204,-3.01651303810202,0.00255700221135329,0.00621260175568324,"DR","Cancer"
"6066","ENSG00000285777","",3.84698252587311,-3.88282772495439,1.09069454015418,-3.55995889041998,0.000370912853943678,0.00104191571288487,"DR","Cancer"
"6093","ENSG00000188783","PRELP",1.61140485734394,-3.58473757205396,1.34734693119963,-2.66058985183737,0.0078003911585692,0.0171339213942233,"DR","Cancer"
"6152","ENSG00000223884","",1.5759049602962,-3.03818680310764,1.26930374144954,-2.39358532075076,0.0166846002888228,0.0339652993929417,"DR","Cancer"
"6158","ENSG00000119778","ATAD2B",1.73767026040696,-3.66869978743798,1.19969122797338,-3.05803668635258,0.00222792299021671,0.00547911884065202,"DR","Cancer"
"6242","ENSG00000204406","MBD5",2.05082360877499,-3.93425269884958,1.17730744140027,-3.34173773179437,0.000832556867476153,0.00221318688516344,"DR","Cancer"
"6337","ENSG00000121797","CCRL2",3.8227138323618,-4.02624293682766,1.23032506107839,-3.27250339296398,0.00106599593086098,0.00277919166322923,"DR","Cancer"
"6344","ENSG00000272434","",1.37769600650497,-3.38789451466789,1.45785728476658,-2.32388626106864,0.0201315908075136,0.0400706997316955,"DR","Cancer"
"6380","ENSG00000066422","ZBTB11",1.25811746442894,-3.11811877653465,1.31327128876214,-2.37431428160872,0.0175815784097497,0.0355852525285038,"DR","Cancer"
"6432","ENSG00000136518","ACTL6A",2.6095233245614,-3.3926022897908,1.01010120677449,-3.35867561293611,0.000783169416480839,0.0020893592296704,"DR","Cancer"
"6438","ENSG00000163898","LIPH",2.92856569814315,-4.2304614353124,1.23540306686123,-3.42435723918078,0.0006162555323434,0.00166661316144719,"DR","Cancer"
"6514","ENSG00000138772","ANXA3",1.16957060920785,-3.07212288889805,1.29277408857622,-2.37638030963436,0.0174834324947045,0.0354126303680433,"DR","Cancer"
"6520","ENSG00000185477","GPRIN3",2.04034380298904,-3.94036334738544,1.24745959387506,-3.15871020330626,0.00158468982564978,0.00399888655815584,"DR","Cancer"
"6558","ENSG00000169862","CTNND2",2.08334416397068,-3.9675653172225,1.30046137999324,-3.05089053643648,0.00228163740579921,0.00560038272332533,"DR","Cancer"
"6582","ENSG00000254701","",2.00477216576181,-3.68589898887347,1.17632696780759,-3.13339665734534,0.00172795754424698,0.00433077058412515,"DR","Cancer"
"6615","ENSG00000262096","PCDHB19P",1.98908836338695,-3.89004735813527,1.32657056329127,-2.93240892401827,0.00336343557750023,0.00798411284048468,"DR","Cancer"
"6620","ENSG00000171720","HDAC3",1.36483952332056,-3.21387957203199,1.38123540039729,-2.32681523446878,0.0199751012256964,0.039800864904547,"DR","Cancer"
"6635","ENSG00000196570","PFN3",1.75906232236894,-3.12299208426046,1.29804892003419,-2.40591247067808,0.0161321293588901,0.0329665230678086,"DR","Cancer"
"6725","ENSG00000164418","GRIK2",2.29113196033694,-3.98582500275328,1.13032395386044,-3.52626783599545,0.000421460504674699,0.00117222914984762,"DR","Cancer"
"6828","ENSG00000201282","",1.50448676204425,-2.83721958228926,1.20138394505308,-2.36162601803697,0.0181949868149873,0.036700923111676,"DR","Cancer"
"6971","ENSG00000254275","LINC00824",1.79805170748296,-3.72535444364474,1.35841205728786,-2.74243328720345,0.00609858366712287,0.0137068820070101,"DR","Cancer"
"7062","ENSG00000136878","USP20",1.21129333562182,-3.15287902546019,1.28843722814226,-2.44705675728277,0.014402815631818,0.0297676204503015,"DR","Cancer"
"7091","ENSG00000233472","",2.07500022942401,-3.69573624217826,1.29437847546233,-2.85522071962624,0.00430069289035532,0.00999502803378782,"DR","Cancer"
"7305","ENSG00000110002","VWA5A",1.81683993577147,-3.75356320639476,1.25068118441346,-3.00121506037935,0.0026890457444159,0.0065085384328004,"DR","Cancer"
"7350","ENSG00000111266","DUSP16",1.5156402062244,-3.48875128286227,1.23871247010089,-2.81643348805403,0.00485600965879052,0.0111864915100871,"DR","Cancer"
"7362","ENSG00000151746","BICD1",1.33625512098003,-2.79583603565859,1.25271921834061,-2.23181379731848,0.0256272720500769,0.0494931273355818,"DR","Cancer"
"7394","ENSG00000166987","MBD6",4.00822001746114,-3.64230172484317,1.20386281822429,-3.02551226743228,0.00248212335432725,0.00604845985944602,"DR","Cancer"
"7520","ENSG00000258535","",2.18917168992547,-4.0261024342629,1.26939795031467,-3.17166293932086,0.00151568813585039,0.00383541052937089,"DR","Cancer"
"7562","ENSG00000080824","HSP90AA1",3.22679599046684,-4.3822542477358,1.23201416176005,-3.55698366443722,0.000375137473912171,0.0010529593373407,"DR","Cancer"
"7568","ENSG00000258986","TMEM179",2.14510820570723,-4.04194954425019,1.22041011059679,-3.31196006092874,0.000926447711757975,0.0024446857216686,"DR","Cancer"
"7569","ENSG00000257341","",2.39619215265528,-3.58942645267069,1.1426542245425,-3.14130589602278,0.00168196257677296,0.00422253868407724,"DR","Cancer"
"7600","ENSG00000274281","",1.35753401109337,-3.29001066708875,1.30974349224694,-2.51195038308192,0.0120065968451705,0.0253025132342301,"DR","Cancer"
"7690","ENSG00000261564","",1.69711122474733,-3.6430204844634,1.41441131201123,-2.57564433593449,0.0100053504428094,0.0214495881936623,"DR","Cancer"
"7792","ENSG00000187185","",1.91184588753301,-3.6286338413003,1.30656696791433,-2.77722759752045,0.00548247738071561,0.01247486315601,"DR","Cancer"
"7878","ENSG00000170175","CHRNB1",1.68038564640363,-3.54034268255152,1.22430761707244,-2.8917100842819,0.00383151331292529,0.00898903314434847,"DR","Cancer"
"7970","ENSG00000267198","",1.48181782875286,-3.3937182381381,1.41649304012242,-2.39585945148365,0.0165814470975449,0.0337809949229797,"DR","Immune"
"8219","ENSG00000283632","EXOC3L2",1.14973036595346,-3.03143937110724,1.33110076964591,-2.27739284675919,0.0227627768857242,0.0446129907792322,"DR","Cancer"
"8239","ENSG00000269009","SLC6A21P",2.20253976124826,-3.91322674045919,1.22537852187448,-3.1934840301208,0.00140567112397259,0.00357673385471559,"DR","Cancer"
"8425","ENSG00000233733","H2AZP6",1.41988020735884,-3.27007752414776,1.36724361324562,-2.39172996857898,0.0167691748756855,0.0341122547883574,"DR","Cancer"
"8426","ENSG00000214093","",3.06181291242726,-3.27760435911582,1.33841921583097,-2.44886229990421,0.0143308223471928,0.0296484923582088,"DR","Cancer"
"42","ENSG00000006695","COX10",49.0516822216732,8.12223019527798,0.863645776000672,9.40458509840689,0.00000000000000000000522358827729349,0.0000000000000000000652909021891057,"UR","Cancer"
"191","ENSG00000053254","FOXN3",11.9278170268612,6.01202297984548,0.965471136455782,6.22703543672518,0.000000000475343636389685,0.00000000263488032462367,"UR","Cancer"
"355","ENSG00000075089","ACTR6",5.12028295447938,4.83223484141556,0.988273067157539,4.88957455383661,0.00000101054145122738,0.00000400148261204916,"UR","Cancer"
"470","ENSG00000086696","HSD17B2",7.94447106385254,5.89316571131727,0.955895652758726,6.1650721962272,0.000000000704509894088316,0.00000000383948597952353,"UR","Cancer"
"507","ENSG00000089682","RBM41",22.9981167139302,7.5086192054187,0.877470224533242,8.55712136490193,0.0000000000000000115720691957724,0.000000000000000116738016722188,"UR","Cancer"
"775","ENSG00000104833","TUBB4A",261.799909786389,10.0646017427085,0.854897004374049,11.772882219979,0.0000000000000000000000000000000538526076819888,0.00000000000000000000000000000127487176122806,"UR","Cancer"
"853","ENSG00000106278","PTPRZ1",29.0829050192739,6.89421173801197,0.84543492684116,8.15463321792387,0.000000000000000350241163212591,0.00000000000000317813562928328,"UR","Cancer"
"868","ENSG00000107105","ELAVL2",182.84894186637,10.5045935035404,0.862548269332653,12.178557278502,0.000000000000000000000000000000000404371589661023,0.0000000000000000000000000000000107080707492929,"UR","Cancer"
"871","ENSG00000107159","CA9",363.987833203828,10.2402613473309,0.762068633513418,13.4374528710354,0.0000000000000000000000000000000000000000364777840300385,0.00000000000000000000000000000000000000132766278262634,"UR","Cancer"
"918","ENSG00000108947","EFNB3",12.705494825209,6.13796463191301,0.898550250820306,6.83096424079736,0.00000000000843457584412312,0.0000000000541464379363988,"UR","Cancer"
"947","ENSG00000110169","HPX",21.816269456652,6.10355779636825,0.804145067640832,7.59012029293995,0.0000000000000319608635191669,0.000000000000251247054610235,"UR","Cancer"
"948","ENSG00000110318","CEP126",98.935157117848,9.61887579035237,0.850708677071263,11.3068974721961,0.000000000000000000000000000012130327545275,0.000000000000000000000000000255991739920976,"UR","Cancer"
"1051","ENSG00000113361","CDH6",2.66557895916214,4.19260164361148,1.14667733481909,3.65630462581084,0.000255877263552986,0.000736990744805568,"UR","Cancer"
"1099","ENSG00000115107","STEAP3",3.2298479073122,4.1508503494344,1.12059728896095,3.70414098831454,0.00021210827045188,0.000619783741988835,"UR","Cancer"
"1107","ENSG00000115368","WDR75",58.5114218604705,8.72344829715497,0.876719456148327,9.95010232290213,0.0000000000000000000000251924050924788,0.000000000000000000000368388762608956,"UR","Cancer"
"1122","ENSG00000115884","SDC1",6.49603889405955,5.60600086663271,0.97178076741706,5.76879174253794,0.00000000798418974648652,0.0000000396214799878134,"UR","Cancer"
"1194","ENSG00000118298","CA14",6.44869389660084,5.53303221446738,1.02179006645848,5.41503817280672,0.0000000612756318772736,0.00000027816443437914,"UR","Cancer"
"1205","ENSG00000119203","CPSF3",14.1943516385344,6.77533200282343,0.895202066210587,7.56849459865925,0.0000000000000377574018204435,0.00000000000029429401305708,"UR","Cancer"
"1245","ENSG00000120915","EPHX2",56.1431579855974,8.80084250532448,0.880349035979283,9.99699226743015,0.0000000000000000000000157096024329143,0.000000000000000000000233440171404206,"UR","Cancer"
"1299","ENSG00000123096","SSPN",34.7532871664597,6.80703441561676,0.801213477789018,8.49590602794283,0.0000000000000000196394847099994,0.000000000000000194441489124045,"UR","Cancer"
"1310","ENSG00000123607","TTC21B",50.0996838813132,8.13003477552166,0.894682568074194,9.08706066892705,0.000000000000000000101752612831629,0.0000000000000000011716795640626,"UR","Cancer"
"1347","ENSG00000124915",NA,3.61943980215729,4.8002988816806,1.14098595643413,4.2071498379198,0.0000258611679169027,0.0000860858055316076,"UR","Cancer"
"1613","ENSG00000132854","KANK4",29.4670435417005,7.73273518872335,0.886719287492573,8.72061237168941,0.0000000000000000027670118181477,0.0000000000000000291595046448167,"UR","Cancer"
"1716","ENSG00000135960","EDAR",3.8833069671201,4.8102322022429,1.11983269758323,4.29549182893492,0.0000174306457813024,0.0000592154586534211,"UR","Cancer"
"1727","ENSG00000136237","RAPGEF5",19.9987604860186,6.81906280401196,0.904597463353533,7.5382289695267,0.0000000000000476396865388282,0.00000000000036940318177738,"UR","Cancer"
"1747","ENSG00000136960","ENPP2",5.57082000556706,4.42521045493522,0.965211333611605,4.58470627191775,0.00000454625081391448,0.0000166494344967028,"UR","Cancer"
"1812","ENSG00000138757","G3BP2",10.224196818484,6.31419156779979,0.911654917812025,6.92607635239206,0.00000000000432673003020236,0.0000000000283372520884121,"UR","Cancer"
"1911","ENSG00000141646","SMAD4",3.31653798191972,4.66841542852405,1.06405224165969,4.387393067508,0.0000114717361823627,0.0000398651879447657,"UR","Cancer"
"1915","ENSG00000141744","PNMT",51.6139351833418,8.02243245726446,0.865599534394984,9.26806466326462,0.0000000000000000000189553972472085,0.00000000000000000022920060214942,"UR","Cancer"
"1947","ENSG00000142609","CFAP74",46.2393853062345,8.02649836954281,0.864157648477531,9.2882339046398,0.0000000000000000000156869542732073,0.000000000000000000190736742023898,"UR","Cancer"
"1976","ENSG00000143390","RFX5",73.7848795700773,9.18694328118325,0.860505163945633,10.6762209758961,0.0000000000000000000000000131517037240363,0.000000000000000000000000234939191714568,"UR","Cancer"
"2058","ENSG00000145945","FAM50B",4.80810824498134,5.18758525654223,0.989412262608343,5.2430977991585,0.000000157902787640614,0.000000684286824802913,"UR","Cancer"
"2103","ENSG00000147650","LRP12",5.25911849917768,4.79693748630219,1.01483127511497,4.72683253258899,0.00000228049192288045,0.00000864483792926738,"UR","Cancer"
"2104","ENSG00000147676","MAL2",15.5832780824724,6.84400994797744,0.924830899308099,7.4002825306742,0.000000000000135895050960436,0.0000000000010137832153816,"UR","Cancer"
"2107","ENSG00000147789","ZNF7",87.0901571139677,9.43105759217032,0.870185544808582,10.8379846671033,0.0000000000000000000000000022742581030058,0.0000000000000000000000000423196406464728,"UR","Cancer"
"2219","ENSG00000152591","DSPP",27.10461163565,7.73000639483052,0.882546575532773,8.75875178617525,0.00000000000000000197424313957045,0.0000000000000000210602928587877,"UR","Cancer"
"2220","ENSG00000152592","DMP1",30.304917611108,7.89403958664439,0.874331263664785,9.02865986234587,0.000000000000000000173786933294285,0.00000000000000000197364624450499,"UR","Cancer"
"2251","ENSG00000153485","TMEM251",59.5000233718766,8.85661893899716,0.868767386442045,10.1944652587255,0.00000000000000000000000209896426620365,0.0000000000000000000000328440203927549,"UR","Cancer"
"2256","ENSG00000153707","PTPRD",158.760693785764,10.2515077437327,0.859652198615887,11.9251806256512,0.00000000000000000000000000000000874940527800883,0.000000000000000000000000000000213552692487176,"UR","Cancer"
"2281","ENSG00000154655","L3MBTL4",100.689657131242,9.15682705800222,0.856099358321783,10.6959863583503,0.0000000000000000000000000106282740354808,0.000000000000000000000000191100761874086,"UR","Cancer"
"2296","ENSG00000155269","GPR78",19.4222581414039,7.25931786468002,0.902750116907324,8.0413369422197,0.00000000000000088863537444071,0.00000000000000786071248782564,"UR","Cancer"
"2311","ENSG00000156234","CXCL13",16.4021155819267,7.02581658341948,0.904595084138177,7.76680827324315,0.00000000000000804885348220152,0.0000000000000659391447396618,"UR","Cancer"
"2380","ENSG00000158669","GPAT4",3.94346466473904,4.82794270437774,1.01823528673196,4.74148044885881,0.00000212162134828947,0.00000808525626363817,"UR","Cancer"
"2469","ENSG00000161405","IKZF3",4.50588183969255,4.70748173784986,1.22084190196693,3.85593067395993,0.000115290160263387,0.000349551304255451,"UR","Cancer"
"2533","ENSG00000163214","DHX57",2.68546183921097,4.36177868678616,1.15829123478881,3.76570119481343,0.000166082321206188,0.000491994312587138,"UR","Cancer"
"2543","ENSG00000163359","COL6A3",3.65886245198762,4.8222204252499,1.05828250722313,4.55664757976874,0.00000519765236929172,0.0000189134568927937,"UR","Cancer"
"2596","ENSG00000164011","ZNF691",11.71677934814,6.47179255583442,0.929037440610492,6.96612673820944,0.00000000000325785680417698,0.0000000000216369878746867,"UR","Cancer"
"2663","ENSG00000165424","ZCCHC24",13.9309889835435,6.79098887155922,0.915634129490417,7.41670570464499,0.000000000000120069336599665,0.000000000000900601778471565,"UR","Cancer"
"2758","ENSG00000167220","HDHD2",9.56000714935178,6.13231537706034,0.918440403271525,6.67687892999564,0.0000000000244084425736438,0.000000000151797179182119,"UR","Cancer"
"2763","ENSG00000167283","ATP5MG",4.89213871892516,4.30136551715555,0.943452273076732,4.55917658995954,0.00000513545758230539,0.0000187036149636355,"UR","Cancer"
"2863","ENSG00000169271","HSPB3",120.408498544167,9.87720633783994,0.861516956564183,11.4649006761646,0.00000000000000000000000000000197986599643726,0.0000000000000000000000000000436204076335058,"UR","Cancer"
"2936","ENSG00000170927","PKHD1",15.5549825075602,6.40821289514632,0.897248604339838,7.14207061916942,0.000000000000919353411963824,0.00000000000645069884470923,"UR","Cancer"
"3013","ENSG00000172995","ARPP21",27.039671029258,7.72920035937881,0.878799895923406,8.79517668952076,0.00000000000000000142823057599865,0.0000000000000000153646367433605,"UR","Cancer"
"3081","ENSG00000174780","SRP72",31.0624463159023,7.94309252831618,0.930983069458365,8.53194090085588,0.0000000000000000143912574233037,0.000000000000000144472137097613,"UR","Cancer"
"3082","ENSG00000174791","RIN1",70.5302392865057,9.10325238941384,0.873644458323108,10.4198593634839,0.000000000000000000000000201250563112271,0.00000000000000000000000335228256539029,"UR","Cancer"
"3363","ENSG00000182504","CEP97",5.59598352172205,5.43818243738185,1.06942642799826,5.08513937472162,0.000000367356205026763,0.00000152632485085799,"UR","Cancer"
"3498","ENSG00000185630","PBX1",64.0545840083841,8.97986430550739,0.882729806166338,10.1728345896765,0.00000000000000000000000262166108796405,0.0000000000000000000000407912691313729,"UR","Cancer"
"3538","ENSG00000186501","TMEM222",5.88363667031756,5.53629766753685,0.979610258883023,5.65153091990838,0.0000000159025073695253,0.0000000764541843974499,"UR","Cancer"
"3569","ENSG00000187122","SLIT1",321.830380211032,10.3551746777547,0.868868925494944,11.9179940424915,0.00000000000000000000000000000000953773304075102,0.000000000000000000000000000000232450591099366,"UR","Cancer"
"3570","ENSG00000187134","AKR1C1",7.47750611653151,5.8312269013522,0.992733430939991,5.87391007456128,0.00000000425634318881151,0.0000000216339018307971,"UR","Cancer"
"3581","ENSG00000187566","NHLRC1",3.33700672218563,4.68601442237003,1.06651411932109,4.39376688735543,0.0000111403273268084,0.00003881146294501,"UR","Cancer"
"3698","ENSG00000196557","CACNA1H",25.4289877960462,7.17361349513518,0.926040738708534,7.74654202053742,0.00000000000000944287740668726,0.000000000000077015847121471,"UR","Cancer"
"3808","ENSG00000198301","SDAD1",46.4039008914192,8.50406162020123,0.868455320941593,9.79216940139303,0.000000000000000000000121657162620994,0.00000000000000000000169356609532376,"UR","Cancer"
"3827","ENSG00000198604","BAZ1A",6.69721275306439,5.66702859339683,0.973760572533593,5.81973511070795,0.00000000589409616755971,0.0000000295940580591786,"UR","Cancer"
"3870","ENSG00000201433","RNU6-335P",6.74857655325343,5.6380675941305,0.97648276390801,5.77385265006238,0.00000000774791983685694,0.0000000385158325463971,"UR","Cancer"
"3873","ENSG00000202241","RN7SKP186",39.5156419446659,7.5956839007188,0.917179382935389,8.28156851542954,0.00000000000000012156335861063,0.00000000000000114066606341968,"UR","Cancer"
"3894","ENSG00000204020","LIPN",4.80271320245295,5.21397494511381,1.06241849851506,4.90764698882913,0.000000921755694517283,0.00000366396225552167,"UR","Cancer"
"3907","ENSG00000204344","STK19",5.44633933655928,4.94379114202476,1.17582254981594,4.20453846781444,0.0000261615443473845,0.0000870330901542545,"UR","Cancer"
"3933","ENSG00000204860","FAM201A",43.1389541834204,7.93811638207748,0.868249717578316,9.14266508973723,0.0000000000000000000609318561611146,0.000000000000000000711043779100465,"UR","Cancer"
"3962","ENSG00000205730","ITPRIPL2",3.76094292423122,4.78171540504249,1.16311343110865,4.11113419994185,0.0000393720264608891,0.000127540357819983,"UR","Cancer"
"3964","ENSG00000205754","SLCO1B7",37.8926411081717,8.22945724260367,0.874892649267053,9.4062480116823,0.00000000000000000000514163523404094,0.0000000000000000000643639247024943,"UR","Cancer"
"3986","ENSG00000206549","PRSS50",3.39757684783849,4.68517321408529,1.04008339304268,4.50461303913254,0.00000664939959395872,0.0000238391579280915,"UR","Cancer"
"3996","ENSG00000207268","SNORA70C",5.06302110238055,5.31145787162231,1.03087384010404,5.15238399209575,0.000000257195719947453,0.00000108804456641365,"UR","Cancer"
"4029","ENSG00000213096","ZNF254",11.2153899269754,6.46039518453563,0.915947252692356,7.05323932742392,0.00000000000174799815276251,0.0000000000119108954541228,"UR","Cancer"
"4034","ENSG00000213215","OR2F1",26.0740399348076,7.67038661327496,0.877367287820279,8.74250353273506,0.00000000000000000228000748846436,0.0000000000000000242126245111729,"UR","Cancer"
"4114","ENSG00000216365","RPL37P15",4.74565501179739,5.20088715020008,0.990309393685344,5.25178008343985,0.000000150636253171724,0.000000654685283379684,"UR","Cancer"
"4124","ENSG00000218839","FAM138C",15.9406904927817,6.46070138484017,0.920209861119649,7.02089996838246,0.00000000000220443644791105,0.0000000000149165060873391,"UR","Cancer"
"4166","ENSG00000223586","LINC01312",13.7699596256735,6.7418112572902,0.89658160609121,7.51946193351233,0.0000000000000550021293807094,0.00000000000042351127021754,"UR","Cancer"
"4175","ENSG00000223823","LINC01342",26.6522257528812,7.1972372841055,0.883378575642888,8.14739850224196,0.000000000000000371836751299346,0.00000000000000336638371657561,"UR","Cancer"
"4182","ENSG00000223912","EEF1A1P36",97.8547880491159,9.58668816129437,0.952631933766614,10.0633705647359,0.00000000000000000000000802044066996097,0.000000000000000000000121031745781219,"UR","Cancer"
"4208","ENSG00000224596","ZMIZ1-AS1",101.496083107254,9.09331862825707,0.877034665810147,10.3682545089107,0.000000000000000000000000345783009323087,0.00000000000000000000000564596684392756,"UR","Cancer"
"4238","ENSG00000225728",NA,40.514049796075,8.3092619604643,0.907776644467803,9.15342117590581,0.0000000000000000000551584394701344,0.000000000000000000644581367612801,"UR","Cancer"
"4264","ENSG00000226358","KRT8P38",315.868105721092,10.8076610402664,0.868196627193563,12.4484024721475,0.0000000000000000000000000000000000142672316583193,0.000000000000000000000000000000000405768908643835,"UR","Cancer"
"4273","ENSG00000226562","CYP4F26P",16.5850035537963,7.03599444961109,0.895664257917544,7.85561597151377,0.0000000000000039781220923545,0.0000000000000334867495945317,"UR","Cancer"
"4296","ENSG00000227051","C14orf132",61.0044368434579,8.92025406713953,0.859580982013419,10.3774446547728,0.000000000000000000000000314069157308766,0.00000000000000000000000514338826102086,"UR","Cancer"
"4349","ENSG00000228625",NA,69.6756458281608,9.11338216705886,0.866581586552054,10.5164733574817,0.0000000000000000000000000725380474596212,0.00000000000000000000000124080610375029,"UR","Cancer"
"4387","ENSG00000229950","TFAP2A-AS1",6.04155503929979,5.53218565273729,0.95626915583069,5.78517629582186,0.00000000724363215187018,0.0000000361285172585279,"UR","Cancer"
"4398","ENSG00000230102","LINC02028",20.4445180090292,7.09483169960771,0.928042611759204,7.64494174050769,0.0000000000000209039955344832,0.00000000000016686841652744,"UR","Cancer"
"4486","ENSG00000232556",NA,113.862002172522,9.79152128746219,0.872228396853454,11.2258685027739,0.0000000000000000000000000000304381013293012,0.000000000000000000000000000622474240551205,"UR","Cancer"
"4488","ENSG00000232615",NA,3.21908116516925,4.64559133128152,1.12033014390381,4.14662709609317,0.0000337408919874146,0.00011068781004567,"UR","Cancer"
"4600","ENSG00000236064",NA,27.0613607253992,7.68283005279454,0.920710326110761,8.34445952751299,0.0000000000000000715403005684779,0.000000000000000684500247014203,"UR","Cancer"
"4647","ENSG00000237613","FAM138A",9.97007126680793,5.305244512013,0.88147763235256,6.0185809795921,0.00000000175952684531265,0.00000000924464915483187,"UR","Cancer"
"4653","ENSG00000237775","DDR1-DT",126.830716304207,9.35171816108343,0.859956884254236,10.8746360803813,0.00000000000000000000000000152262180838819,0.0000000000000000000000000286232113331131,"UR","Cancer"
"4662","ENSG00000238078","LINC01352",10.4866245969668,5.8637891861626,0.917820426768574,6.38881965920894,0.000000000167171066205125,0.000000000962485957482049,"UR","Cancer"
"4688","ENSG00000239797","RPL21P39",152.061438158236,9.78181293165597,0.901109400654841,10.8553000607334,0.00000000000000000000000000188187698898305,0.0000000000000000000000000351766237171447,"UR","Cancer"
"4693","ENSG00000239997","FCF1P3",4.16239996919186,4.99705702289068,1.00244518723192,4.98486808709131,0.000000620041004440715,0.00000251919290813336,"UR","Cancer"
"4754","ENSG00000242986","RPL21P99",11.3973283113725,6.4425864282527,0.972523237870393,6.62460924055708,0.0000000000348167958468747,0.000000000213078790582873,"UR","Cancer"
"4756","ENSG00000243059","RN7SL400P",26.1831757712834,7.48825249327506,0.910742925611128,8.2221363270544,0.000000000000000199909759285941,0.00000000000000184233623114383,"UR","Cancer"
"4840","ENSG00000248668","OXCT1-AS1",3.69663508232039,3.96482371578511,1.03994393681614,3.81253601797388,0.000137548177166537,0.000412944418513782,"UR","Cancer"
"4848","ENSG00000248926",NA,141.922920368198,9.19430242832135,0.835020692880022,11.0108677625818,0.000000000000000000000000000338725353996833,0.00000000000000000000000000663949910966033,"UR","Cancer"
"4861","ENSG00000249307","LINC01088",19.064098636806,7.22869862718883,0.934879981921471,7.73222099839125,0.0000000000000105686262842026,0.0000000000000859006299656486,"UR","Cancer"
"4878","ENSG00000249857",NA,213.928758404645,9.76873575340825,0.866816061600607,11.2696755242051,0.0000000000000000000000000000185251321309658,0.000000000000000000000000000385528064649973,"UR","Cancer"
"4979","ENSG00000253438","PCAT1",4.64711879188922,4.79789050708969,1.04778563954,4.57907641222883,0.00000467033571210299,0.0000170811481422731,"UR","Cancer"
"5023","ENSG00000254717","GLYATL1P2",62.6926299199382,7.48768425289091,0.817923100751966,9.15450883586369,0.0000000000000000000546056426181608,0.000000000000000000638572992655689,"UR","Cancer"
"5055","ENSG00000255670",NA,21.572423247063,6.92755908480795,0.883383725789089,7.84207234361247,0.00000000000000443170907540608,0.0000000000000371346657008164,"UR","Cancer"
"5068","ENSG00000256278",NA,4.21143827445979,4.92633261031309,1.03455179431339,4.76180374669652,0.00000191870230096448,0.00000735094755880757,"UR","Cancer"
"5112","ENSG00000258324",NA,68.8531268637658,9.07175830782259,0.87534839446191,10.3635973575974,0.00000000000000000000000036304558336075,0.00000000000000000000000591613926967754,"UR","Cancer"
"5144","ENSG00000259076",NA,5.45316357637226,5.36320718510304,1.00000256585972,5.36319342390104,0.0000000817633694941589,0.000000365348274072872,"UR","Cancer"
"5331","ENSG00000265418","MIR4261",25.1792327608601,7.63511400933083,0.885361682785191,8.62372311540761,0.00000000000000000648117164500583,0.0000000000000000664772689398363,"UR","Cancer"
"5344","ENSG00000266059","RN7SL140P",35.3669313602005,8.11064407936066,0.879982542210082,9.21682384628986,0.000000000000000000030603071833065,0.000000000000000000364326483407468,"UR","Cancer"
"5362","ENSG00000267073",NA,24.6440218452721,7.52389971370649,0.901222241553577,8.34855085326831,0.0000000000000000691055908228061,0.000000000000000661587939024361,"UR","Cancer"
"5447","ENSG00000269635",NA,50.6614318817899,8.65156724497964,0.878928932318319,9.84330692375744,0.0000000000000000000000732623114230055,0.00000000000000000000103734912935196,"UR","Cancer"
"5507","ENSG00000271856","LINC01215",7.32611725079441,5.58931339313315,1.09942974003164,5.08382954327967,0.000000369899926952648,0.00000153650738888023,"UR","Cancer"
"5510","ENSG00000271930",NA,13.4547632360606,6.71747612025501,0.924350218015933,7.26724134351772,0.000000000000366902957335072,0.00000000000266609695118941,"UR","Cancer"
"5516","ENSG00000272217",NA,3.26698550066223,4.55732954849354,1.05148156873919,4.33419822466135,0.000014629231378407,0.0000502379556901305,"UR","Cancer"
"5567","ENSG00000273703","HIST1H2BM",3.36197590295472,4.18847368920226,1.14096530659583,3.6709912781651,0.000241611585914163,0.000699560162194784,"UR","Cancer"
"5590","ENSG00000274346",NA,60.6486247126967,8.86961562502563,0.970471176915441,9.13949413028106,0.0000000000000000000627451425824001,0.000000000000000000731171181968674,"UR","Cancer"
"5618","ENSG00000275515",NA,15.1600381214663,6.85221133312474,0.910988547033635,7.52173159084924,0.0000000000000540554712694959,0.000000000000416804763069132,"UR","Cancer"
"5632","ENSG00000276291","FRG1HP",11.4593577634617,6.3834170773902,0.976169017928524,6.53925392032632,0.00000000006182647864195,0.00000000037068967092873,"UR","Cancer"
"5646","ENSG00000277120","MIR6089",190.847972515982,-1.35649145638696,0.200373554420692,-6.7698128144144,0.0000000000128949120406832,0.0000000000818576744372839,"DR","Cancer"
"5652","ENSG00000277631","PGM5P3-AS1",14.2906200497716,6.81709267611414,0.911045502217362,7.48271371684758,0.000000000000072803363042252,0.000000000000555659478480449,"UR","Cancer"
"5773","ENSG00000282591","FAM138F",7.11926879432592,5.18052346540656,0.937523661582093,5.5257522318576,0.0000000328076859926445,0.000000153053134766363,"UR","Cancer"
"5786","ENSG00000283178",NA,84.2800128055111,9.35964448670317,0.858073612548349,10.9077407227411,0.00000000000000000000000000105854408365529,0.0000000000000000000000000201979011989838,"UR","Cancer"
"5828","ENSG00000285278",NA,78.1353335189135,9.2356595003175,0.863764939576446,10.6923296803946,0.0000000000000000000000000110558433944518,0.000000000000000000000000198572561141219,"UR","Cancer"
"5842","ENSG00000285581",NA,29.6088522368761,7.87324463209117,0.890877642739367,8.83762736247557,0.000000000000000000977727522201384,0.000000000000000010614960300168,"UR","Cancer"
"5910","ENSG00000162543","UBXN10",2.57935601513831,-4.09393984496394,1.3642849406067,-3.0007953053732,0.00269275512118111,0.00651560779358569,"DR","Cancer"
"5959","ENSG00000186118","TEX38",1.39001999877026,-3.37208523089239,1.43468511239969,-2.3504009358905,0.0187531988147835,0.0376842827697291,"DR","Cancer"
"5964","ENSG00000198841","KTI12",2.58039802101104,-3.47249459078883,1.13733152576407,-3.05319470367796,0.00226418978987497,0.00555838242280404,"DR","Cancer"
"6088","ENSG00000170128","GPR25",1.67790794889725,-3.09415548443757,1.22828258114107,-2.51909090949014,0.0117658274318148,0.0248776113222403,"DR","Cancer"
"6098","ENSG00000253097","RNU2-19P",1.64031627265445,-3.58900748825929,1.18630703327756,-3.02536138418018,0.00248336207735723,0.00605058610531567,"DR","Cancer"
"6104","ENSG00000244703","CD46P1",2.3967569663015,-4.03559151100383,1.16140799083038,-3.47474061041931,0.000511347547572464,0.00140310642246553,"DR","Cancer"
"6116","ENSG00000162909","CAPN2",2.27167206759697,-3.66189842021967,1.45493966555185,-2.51687304080113,0.0118401485464383,0.0250059578963889,"DR","Cancer"
"6263","ENSG00000064933","PMS1",1.99296929741818,-3.83805272712168,1.25197500001538,-3.06559853597279,0.0021723478403477,0.00534801485606457,"DR","Cancer"
"6299","ENSG00000214041","PGAM1P4",1.39392945624646,-3.2297711488062,1.26796854719173,-2.54720131343907,0.0108590768640605,0.0231499659530042,"DR","Cancer"
"6390","ENSG00000163389","POGLUT1",1.72840449387603,-3.70153187413172,1.2287884819408,-3.0123425866471,0.00259239848538566,0.00628935436389849,"DR","Cancer"
"6418","ENSG00000251270","",2.80183636857384,-3.34446463424763,1.11595406528467,-2.99695546464495,0.00272690547471316,0.00659052012054413,"DR","Cancer"
"6425","ENSG00000240541","TM4SF1-AS1",1.35506069328353,-3.32533920152701,1.2656832701996,-2.62730754195921,0.00860635110533025,0.0187366726830668,"DR","Cancer"
"6450","ENSG00000213519","",1.78273661198546,-3.75958552910672,1.24352649414811,-3.02332563624409,0.00250013057166159,0.00608605739041488,"DR","Cancer"
"6488","ENSG00000261121","LINC02473",1.67983487585037,-3.44079606646972,1.27049471503049,-2.70823327776467,0.00676424584289198,0.0150738231028924,"DR","Cancer"
"6515","ENSG00000284968","",3.06988034726806,-4.02743665686847,1.16173837330294,-3.46673291458735,0.000526825083222803,0.00144055232089585,"DR","Cancer"
"6577","ENSG00000214244","SETP21",2.46245767110156,-4.22565837262847,1.28508576534483,-3.2882306275446,0.00100819212875645,0.00263973486540509,"DR","Cancer"
"6610","ENSG00000250069","",1.67466212007116,-3.10430791943241,1.16411767751813,-2.66666160937501,0.00766087640160683,0.0168653872646395,"DR","Cancer"
"6611","ENSG00000176087","SLC35A4",2.11301241630149,-4.02472050316652,1.18036273423041,-3.40973192938917,0.000650267614009876,0.00175228670154912,"DR","Cancer"
"6638","ENSG00000145912","NHP2",1.16964202321268,-3.12241460547753,1.2845176824351,-2.43080702443758,0.0150652360668237,0.0310009913783555,"DR","Cancer"
"6644","ENSG00000164385","LINC01600",1.53677938839911,-3.37950597874909,1.33420857765746,-2.53296676047659,0.0113101677379562,0.0240402896452262,"DR","Cancer"
"6768","ENSG00000106009","BRAT1",1.46958611744185,-3.44281786888386,1.30387239411316,-2.64045614005466,0.00827945086019998,0.018067834919961,"DR","Cancer"
"6878","ENSG00000131558","EXOC4",1.5824293797865,-3.54788439359224,1.23182285418231,-2.88019042798758,0.00397435041390606,0.00929279273233108,"DR","Cancer"
"6892","ENSG00000197448","GSTK1",2.7043376900867,-3.76804735661546,1.17877319053459,-3.19658386097719,0.00139065395410969,0.00354128639253671,"DR","Cancer"
"7006","ENSG00000283982","",1.2780213670668,-3.19422490211288,1.29580798345418,-2.46504493173299,0.0136996071126985,0.02849242390563,"DR","Cancer"
"7023","ENSG00000235387","SPAAR",1.62215974481396,-3.61590078529013,1.29152562045342,-2.79971278000716,0.00511480944154314,0.0117270863344053,"DR","Cancer"
"7121","ENSG00000138326","RPS24",1.62400324775461,-3.48826887836499,1.46543890573035,-2.38035776498406,0.0172958367014143,0.0350627414616819,"DR","Cancer"
"7122","ENSG00000231957","GNAI2P2",1.95933908073257,-3.92067544945913,1.32364330827391,-2.9620332191849,0.0030561480941005,0.00732836904758622,"DR","Cancer"
"7124","ENSG00000188199","NUTM2B",1.63937404034587,-3.55783988894526,1.34897035872907,-2.63744852948235,0.00835323010050439,0.0182096008154003,"DR","Cancer"
"7162","ENSG00000275669","MIR6744",2.62057788578321,-4.24982292528435,1.54938448630953,-2.7429104672443,0.00608972870441343,0.0136907043689425,"DR","Cancer"
"7188","ENSG00000148943","LIN7C",1.24219425849441,-3.08309768581289,1.28751264235688,-2.39461546580938,0.0166378039291587,0.0338867338993489,"DR","Cancer"
"7273","ENSG00000254733","",1.63307281993583,-3.28250615314056,1.33465792245301,-2.4594363079249,0.0139155386727469,0.0288906095022577,"DR","Cancer"
"7309","ENSG00000255045","",1.76749750135163,-3.6861020834636,1.33919904614923,-2.75246767391504,0.00591479855738569,0.013342816568224,"DR","Cancer"
"7330","ENSG00000256913","",1.77968260222465,-3.19979985520053,1.24980423406344,-2.56024085051875,0.0104599643303106,0.0223481317033945,"DR","Cancer"
"7366","ENSG00000177119","ANO6",1.3567134816316,-3.2587670006913,1.34453902194394,-2.42370578131661,0.0153630465250007,0.031562722961471,"DR","Cancer"
"7375","ENSG00000050426","LETMD1",2.07853337800261,-3.45670848879367,1.15504925453877,-2.99269358013134,0.00276527234882653,0.00667930299199697,"DR","Cancer"
"7404","ENSG00000257489","",1.55534936813102,-3.48582718477187,1.25529085624135,-2.77690797112096,0.00548787149681717,0.0124827399698217,"DR","Cancer"
"7414","ENSG00000110887","DAO",1.80130907609305,-3.74673559721857,1.15558249996458,-3.24229174233204,0.00118572573356204,0.0030642683799467,"DR","Cancer"
"7714","ENSG00000263159","",1.36165492376084,-3.25419910766081,1.28432216784593,-2.53378722966277,0.0112837222473938,0.0239933375905206,"DR","Cancer"
"7782","ENSG00000259810","",1.65216164113589,-3.11638677123809,1.39291768138229,-2.23730864565197,0.0252661745480992,0.0488702175152512,"DR","Cancer"
"7885","ENSG00000279174","",1.98698069300221,-3.90853845740475,1.13644954262546,-3.43925384348797,0.000583319995450825,0.00158350248148997,"DR","Cancer"
"7917","ENSG00000076382","SPAG5",1.80895805074128,-3.69138656617009,1.23734058326021,-2.98332295578944,0.00285136946820567,0.00687323546209052,"DR","Cancer"
"7956","ENSG00000260105","AOC4P",2.18820162011802,-4.04310269648263,1.31306530467194,-3.07913298911874,0.00207603986152383,0.00512389584343834,"DR","Cancer"
"7971","ENSG00000266504","RDM1P1",1.39480346131334,-2.85544567685434,1.27837603317544,-2.23365082162994,0.0255060571814839,0.0492765215558097,"DR","Immune"
"7995","ENSG00000108588","CCDC47",2.26621332574018,-3.91887896618054,1.14446470764418,-3.42420254640036,0.000616606452468295,0.00166728931771987,"DR","Cancer"
"8028","ENSG00000264635","",3.67670393364486,-3.72004933517827,1.04712330312237,-3.55263732942014,0.000381389885330579,0.00106923760861936,"DR","Cancer"
"8430","ENSG00000233764","MTCO1P20",1.46607496263021,-2.85874508386782,1.25301202416162,-2.28149852415069,0.0225189639431817,0.0441718138885486,"DR","Cancer"
"8472","ENSG00000100241","SBF1",3.4566259080902,-4.08392526861955,1.3506378203127,-3.02370125225284,0.00249702884392797,0.00608029835205802,"DR","Cancer"
"8552","ENSG00000277008","TEX28P2",1.71138417094363,-3.65733626884132,1.24469749897546,-2.93833342788249,0.00329981925742277,0.00784888634081673,"DR","Cancer"
