,Genes,hgnc_symbol,baseMean,log2FoldChange,lfcSE,stat,pvalue,padj,DR_UR,Type
0,ENSG00000010626,LRRC23,1.031565625202922,-4.40334743242814,1.1111870135404298,-3.9627419856162,7.305301813069915e-05,0.00022493420296488718,DR,Immune
1,ENSG00000028277,POU2F2,3.7728227576169884,-8.365875336324901,0.9510359869154801,-8.796591770894151,0.0,0.0,DR,Immune
2,ENSG00000072952,MRVI1,1.9211938086890687,-5.221695166476571,0.95918223607474,-5.443903118812241,5.212505739072189e-08,2.378636442595509e-07,DR,Immune
3,ENSG00000089820,ARHGAP4,2.448626160598336,-6.4949860339665495,0.974422899546563,-6.665469414757099,2.6382007556352855e-11,1.6321121987233344e-10,DR,Immune
4,ENSG00000104522,TSTA3,3.1744762182124724,-7.5431984279695,0.9291325464424192,-8.11853858402858,4.4408920985002485e-16,4.218847493573963e-15,DR,Immune
5,ENSG00000104529,EEF1D,2.3618263099241514,-6.3058880295405695,0.976507312579638,-6.4575942732905,1.0638045783062854e-10,6.233442294651317e-10,DR,Immune
6,ENSG00000104537,ANXA13,0.9474356129035235,-4.26743327336039,1.12860078821305,-3.78117162235653,0.0001515205738969847,0.0004450212919958796,DR,Immune
7,ENSG00000105501,SIGLEC5,2.43401931614833,-6.461722851610579,0.9298935795626301,-6.948884252593531,3.681943636272243e-12,2.427746887003884e-11,DR,Immune
8,ENSG00000110077,MS4A6A,2.4591791304560844,-5.35024114484957,0.957525681374953,-5.58756934557298,2.3026880393835238e-08,1.0889926975104241e-07,DR,Immune
9,ENSG00000112139,MDGA1,2.0934807709373664,-5.971155174626629,0.9696882701791129,-6.1578090178647695,7.375821134031124e-10,4.010465594747032e-09,DR,Immune
10,ENSG00000116815,CD58,2.0922382209357036,-5.95759546529405,0.9410564214654921,-6.33075268326249,2.4396816760064704e-10,1.3877206505569563e-09,DR,Immune
11,ENSG00000117335,CD46,3.43842009879884,-7.794993976187731,0.9029960040030129,-8.63236818505536,0.0,0.0,DR,Immune
12,ENSG00000124491,F13A1,4.05428029057233,-8.77535154077062,0.885662856227908,-9.908230292219061,0.0,0.0,DR,Immune
13,ENSG00000125780,TGM3,1.8330565321247467,-5.49183398866925,0.9732797891953969,-5.642605599782669,1.6749520255864245e-08,8.029240532487004e-08,DR,Immune
14,ENSG00000127364,TAS2R4,1.1791590009037816,-4.07934072086888,1.0309552655135201,-3.95685521702724,7.484976068875351e-05,0.00022996295337198344,DR,Immune
15,ENSG00000127399,LRRC61,1.7760856575544537,-5.468535411765259,0.9634357814043829,-5.67607672178613,1.3781862158509962e-08,6.662688707767373e-08,DR,Immune
16,ENSG00000129990,SYT5,0.9459825138501824,-4.28805861388608,1.1204868538709398,-3.82696021740205,0.0001265669247661506,0.0003772284837999717,DR,Immune
17,ENSG00000132589,FLOT2,3.5126641494248196,-7.98035314016579,1.0293796703491802,-7.752584755689559,9.10382880191042e-15,7.349676422969006e-14,DR,Immune
18,ENSG00000135945,REV1,3.565379595332299,-7.1657409743840095,0.8895447328783141,-8.05551503992127,8.881784196999742e-16,7.105427357596373e-15,DR,Immune
19,ENSG00000140287,HDC,4.629973526711428,-9.63335436053215,0.8565984540387851,-11.246056206512801,0.0,0.0,DR,Immune
20,ENSG00000153721,CNKSR3,2.23263498304677,-6.1635478672854,0.9379813605906101,-6.57107713036478,4.995248611399708e-11,3.0157697726678665e-10,DR,Immune
21,ENSG00000158270,COLEC12,2.915425279609577,-6.9219088323566105,0.88219386810388,-7.84624455306409,4.2188474935721886e-15,3.5971225997736415e-14,DR,Immune
22,ENSG00000158417,EIF5B,1.5187544504306605,-5.08786204047839,0.987434767924664,-5.15260572723378,2.5687906760266565e-07,1.0869283815038345e-06,DR,Immune
23,ENSG00000158457,TSPAN33,3.0188702385803916,-7.31897012241345,0.9370073483807171,-7.811006109036049,5.773159728044435e-15,4.7295500848826565e-14,DR,Immune
24,ENSG00000160216,AGPAT3,4.797990974314681,-9.878391772293359,0.8521368373365559,-11.592494702105999,0.0,0.0,DR,Immune
25,ENSG00000161638,ITGA5,3.4791466618946116,-7.95084827082648,0.895635100632617,-8.87732991394656,0.0,0.0,DR,Cancer
26,ENSG00000163499,CRYBA2,2.8440901111566155,-6.56333323753099,0.90019553594625,-7.29100842588813,3.0775382240796635e-13,2.2453150445396438e-12,DR,Immune
27,ENSG00000164742,ADCY1,2.7528232048176164,-6.900046869452731,0.902661826236833,-7.6441106391070095,2.109423746779281e-14,1.6786572132073981e-13,DR,Immune
28,ENSG00000167208,SNX20,2.587184099437759,-6.69278938923108,0.9046449341216309,-7.39825000593131,1.3788969965480543e-13,1.0289546991255136e-12,DR,Immune
29,ENSG00000169957,ZNF768,2.794261273299221,-6.85408419301998,0.944241660530837,-7.25882417554711,3.905764600339334e-13,2.831068712059222e-12,DR,Immune
31,ENSG00000174059,CD34,1.0245634448533458,-4.40101851039208,1.2292761117700401,-3.58017085685901,0.00032176347581020176,0.0008870265137111771,DR,Immune
32,ENSG00000175087,PDIK1L,1.6321664960899338,-5.27135042037402,0.9914909874511141,-5.31658934583501,1.0572817832700988e-07,4.6774105470801514e-07,DR,Immune
33,ENSG00000176723,ZNF843,2.453396658479285,-5.801239312837371,1.05365609075957,-5.50581860980398,3.674541474805213e-08,1.705550588024422e-07,DR,Immune
34,ENSG00000178761,FAM219B,1.3056702693250495,-4.821866794543451,1.22662014607906,-3.9310187509611203,8.323199054729474e-05,0.0002544913333938583,DR,Immune
35,ENSG00000181991,MRPS11,3.1985048799135156,-7.57082602493931,0.8886622938705521,-8.519351025871401,0.0,2.2204460492502677e-16,DR,Immune
36,ENSG00000189337,KAZN,2.209536448715013,-6.124532474745519,0.939082448532162,-6.52182615522045,6.945643967566363e-11,4.134361585114587e-10,DR,Immune
37,ENSG00000196458,ZNF605,2.5438626434656726,-6.118503156738269,0.9432829649554699,-6.48639208387179,8.79161173501075e-11,5.188311755417837e-10,DR,Immune
38,ENSG00000197077,KIAA1671,2.62349802164082,-6.73204206939385,0.995897439662606,-6.75977445195015,1.3820722307790758e-11,8.753264709414572e-11,DR,Immune
39,ENSG00000205022,PABPN1L,0.9864873000959007,-4.30831290525517,1.1871519148867802,-3.6291167551762498,0.00026946118710058473,0.0007552136677412521,DR,Immune
40,ENSG00000205336,ADGRG1,1.7012628188055683,-5.32573106072323,0.985136917854294,-5.406082103108151,6.44174822811567e-08,2.9146198035666866e-07,DR,Immune
41,ENSG00000214846,,0.8917635107072402,-4.0850239083133,1.0983558900289,-3.7192170091661296,0.0001923895335840812,0.0005557206124650085,DR,Immune
42,ENSG00000215018,COL28A1,1.7355550412507592,-4.92022252192826,1.04923691448143,-4.68933417612359,2.7395171098116345e-06,1.0304878755804897e-05,DR,Immune
43,ENSG00000216490,IFI30,2.2322895818293795,-6.06765178091559,0.9370812466023589,-6.475054113947429,9.4777961536175e-11,5.577318321723359e-10,DR,Immune
44,ENSG00000221988,PPT2,1.1070374764152284,-3.99514623817717,1.11258249500264,-3.5908764124207204,0.00030962934242769006,0.000856738955819156,DR,Immune
45,ENSG00000222004,C7orf71,1.2374931958746462,-4.72004591336737,1.15516468053832,-4.08603724896417,4.351387706573953e-05,0.00013920345739287506,DR,Immune
46,ENSG00000223944,,3.5663249889260316,-8.08926054129538,0.8873126062382959,-9.11658471256176,0.0,0.0,DR,Immune
47,ENSG00000224354,MTND2P5,1.0965216493198435,-4.48288928852821,1.08996113280032,-4.11288912386334,3.8783055059345786e-05,0.00012523797553605663,DR,Immune
48,ENSG00000224671,,3.705271469900335,-8.29976179316233,0.951129647193228,-8.726214998822531,0.0,0.0,DR,Immune
49,ENSG00000225496,,1.3664687087020306,-4.21358494505101,1.07728579895588,-3.91129721484761,9.020753851832044e-05,0.00027444457913564205,DR,Immune
50,ENSG00000225731,,1.6718816407283235,-5.2774680466288295,1.01363734313804,-5.2064656875118205,1.9246417411247474e-07,8.255852545463577e-07,DR,Immune
51,ENSG00000226375,,1.2780622315282748,-4.780460240944611,1.03431388108477,-4.6218660779559,3.8002682995792923e-06,1.4034089758994255e-05,DR,Immune
52,ENSG00000230980,RPL36AP39,3.860778379341595,-6.97689522790341,0.829076949869383,-8.41525654404285,0.0,4.440892098500446e-16,DR,Immune
53,ENSG00000231107,LINC01508,4.210215386455129,-8.521987221964629,0.863241928920822,-9.87207286446147,0.0,0.0,DR,Immune
54,ENSG00000231357,,3.1518206331694447,-7.49622498981628,0.9043387111459421,-8.28917848746889,2.2204460492502184e-16,1.1102230246250435e-15,DR,Immune
55,ENSG00000233178,,1.8857043487969791,-5.2024935171594,1.06889055920541,-4.86719007138283,1.1317163113404669e-06,4.465457907337917e-06,DR,Immune
56,ENSG00000234009,RPL5P34,4.25659622775458,-8.15992808779077,0.871420793815767,-9.363935478358481,0.0,0.0,DR,Immune
57,ENSG00000235123,DSCAM-AS1,3.3413343017616035,-7.7726171234911,0.872995976632687,-8.90338252585261,0.0,0.0,DR,Immune
58,ENSG00000236356,,1.6849374703392042,-5.3543438819930795,0.9686736534032829,-5.527500271305441,3.248237069295042e-08,1.5166277593401355e-07,DR,Immune
59,ENSG00000237036,ZEB1-AS1,1.5691463499453755,-4.70635966928554,1.0199927189659999,-4.61411104390679,3.9448319233510195e-06,1.4531943910798438e-05,DR,Immune
60,ENSG00000248302,BNIP3P41,1.1519438565351943,-4.27222357233812,1.10761146875318,-3.85714999606071,0.0001122346420974081,0.00033713327637001605,DR,Immune
61,ENSG00000253973,,3.121403034299424,-7.4463387851664296,0.9015252208487159,-8.25971211116676,2.2204460492502184e-16,1.3322676295500251e-15,DR,Immune
62,ENSG00000259494,MRPL46,1.12226104443459,-4.52785987080684,1.1804369321444,-3.83574907520172,0.00012223042333476573,0.00036489149574647284,DR,Immune
63,ENSG00000260757,,1.0839765787138094,-4.496396220729549,1.09286983700646,-4.114301693096279,3.8548101858020334e-05,0.0001245790516020024,DR,Immune
64,ENSG00000265354,TIMM23,1.9687417158003406,-5.199399135804,1.08491590869448,-4.7924443674723305,1.6470952323419433e-06,6.36474688044032e-06,DR,Immune
65,ENSG00000265666,RARA-AS1,4.634526353853522,-9.64972346393145,0.852073483507493,-11.3249897464349,0.0,0.0,DR,Immune
66,ENSG00000267605,,1.1994978036408954,-4.53415294505316,1.04201115240621,-4.35134780907374,1.3495345026584194e-05,4.647618160659658e-05,DR,Immune
67,ENSG00000267614,,0.8316994784239758,-4.058767672780331,1.10294113515746,-3.67994949449492,0.00022316872133192268,0.0006371763300173843,DR,Immune
68,ENSG00000270149,,4.6527856142582085,-9.675605471872641,0.852216522307687,-11.353459148706,0.0,0.0,DR,Immune
69,ENSG00000279144,,2.624082018831321,-6.73018107797014,0.9969185240206919,-6.750984073228481,1.468447581623681e-11,9.282619038801422e-11,DR,Immune
70,ENSG00000279780,,1.1553983715424068,-4.585986462413639,1.1575371541053898,-3.9618481758004,7.332321542324116e-05,0.0002256712077708256,DR,Immune
71,ENSG00000283138,,3.4505275687524226,-7.92586280407472,0.865219779710732,-9.160519662096231,0.0,0.0,DR,Immune
72,ENSG00000283417,,2.091891778124579,-5.94117588514146,0.9373763976831929,-6.338089906920629,2.326310151965212e-10,1.3259729478719178e-09,DR,Immune
73,ENSG00000284702,,2.1612999034456344,-6.0525078829391905,1.25909476629601,-4.80703124574522,1.5314315234905519e-06,5.937341261343712e-06,DR,Immune
74,ENSG00000120341,SEC16B,0.5003149389821478,3.60154539024295,1.4458115511642,2.4910199308775,0.0025984305966962338,0.005437602274824534,UR,Immune
75,ENSG00000230124,ACBD6,0.3925824746522723,3.26244983457762,1.39138872187096,2.34474362433432,0.0026173477212699894,0.00547686606706078,UR,Immune
76,ENSG00000229463,LYST-AS1,0.8081809398973361,4.02404810571739,1.2120353895375902,3.3200747605667202,0.0007613314253666594,0.001928674697384915,UR,Immune
77,ENSG00000186197,EDARADD,0.5406395226361378,3.62594305360263,1.29687844965796,2.79590045972229,0.0022543235084670327,0.00484321841018,UR,Immune
78,ENSG00000171094,ALK,1.0275601286556575,4.13384090607271,1.1815103777222,3.49877663710598,0.00042797815251957436,0.0011493371052668634,UR,Immune
79,ENSG00000188177,ZC3H6,0.7558199285835753,3.96656441470298,1.1555022034108797,3.4327623114817296,0.0005340808753933856,0.0014006643247014801,UR,Immune
80,ENSG00000202175,RNA5SP128,0.5407367283552503,3.66931981286733,1.2415052191851799,2.9555411899722497,0.0018222658433563407,0.004071677227339495,UR,Immune
81,ENSG00000253766,,1.0528829746683124,-3.2445998003872103,1.38162274697469,-2.34839778622048,0.0026172068579225867,0.0054765268794871955,DR,Immune
82,ENSG00000264675,MIR4285,0.4941966557599391,3.56971203634361,1.23449751109837,2.89163161873653,0.0020112287602170754,0.004410878769612111,UR,Immune
83,ENSG00000226045,,0.8459663978307386,3.6194208007323905,1.2909978774381399,2.8035838509004902,0.00223705225643445,0.004813568171046586,UR,Immune
84,ENSG00000157680,DGKI,0.7435636087333173,3.91114879595183,1.19311472526478,3.2780995097381496,0.0008613977183843434,0.0021469875828633005,UR,Immune
85,ENSG00000254229,FAM90A12P,0.4896083378921154,3.60951884046491,1.29136358889498,2.7951220488983797,0.002256049253380415,0.004845371008947813,UR,Immune
86,ENSG00000201365,,0.2870709771394239,3.22134031325109,1.37329472009989,2.3457021031995096,0.002617311603989309,0.0054767731030822804,UR,Immune
87,ENSG00000175535,PNLIP,0.37794223839508695,3.10887310948613,1.35198114990249,2.29949441951196,0.002618516553943512,0.005479934132867158,UR,Immune
89,ENSG00000251562,MALAT1,0.7319942183930015,3.95151453385628,1.2189870366732398,3.2416378640419703,0.0009549268159775132,0.0023479990472552183,UR,Immune
90,ENSG00000228825,LAMTOR3P1,0.13924394004502727,3.0271654153782896,1.32733106579725,2.28064082381742,0.002618779686004048,0.005480740979706277,UR,Immune
91,ENSG00000206800,RNY3P7,0.32983846854949417,3.32649412094603,1.3946998610981203,2.3850967607660802,0.002615218260165825,0.005471844297913172,UR,Immune
92,ENSG00000021645,NRXN3,1.1537078303080717,3.06613140328353,1.0362118482749498,2.95898122414631,0.0018116909014476957,0.004053121146457203,UR,Immune
93,ENSG00000156411,ATP5MJ,0.7378032597083902,3.9124007761138397,1.19174471693615,3.2829184979919397,0.0008494895577517437,0.0021206472245059297,UR,Immune
94,ENSG00000225825,IGHD6-25,0.13759916697218075,3.01226568099224,1.29673864206198,2.32295513011191,0.0026180272570863698,0.005478603361312417,UR,Immune
95,ENSG00000137878,GCOM1,0.21387374033875906,3.16986194332017,1.41736648408483,2.23644482842903,0.002619114617146063,0.005481883467989671,UR,Immune
96,ENSG00000171914,TLN2,0.8354790333589501,4.07006003065071,1.26318286903066,3.22206715309083,0.0010075421129981878,0.002459874567263489,UR,Immune
97,ENSG00000169118,CSNK1G1,0.8580711677717446,3.18625432382523,1.1814712783127599,2.6968529682545097,0.002436651109512587,0.005153900911621961,UR,Immune
98,ENSG00000207223,,0.6885884820417353,3.88918585581338,1.20211480331367,3.2352865509123703,0.0009718226337612878,0.0023838383745961697,UR,Immune
99,ENSG00000259347,,0.5096460180262558,3.5686703173317795,1.2525910504351798,2.84903066814341,0.0021264975921311815,0.00461751005098716,UR,Immune
100,ENSG00000261775,,0.6637105268518733,3.41256689027228,1.25292266349731,2.7236851800147797,0.002394800318965906,0.005080507912521682,UR,Immune
101,ENSG00000260498,,1.2185461717078483,3.4794194698787098,1.1948134712021798,2.9121026450914003,0.001952491487332816,0.00430664112280515,UR,Immune
102,ENSG00000264907,PRELID3BP3,0.7863132263381266,4.02547408721468,1.1726949263616202,3.4326694835322797,0.0005342436347982877,0.001400878996861545,UR,Immune
103,ENSG00000280351,,1.1754471950134007,4.04971377969625,1.1657211490141202,3.4739987201237597,0.0004655861760399788,0.0012400082001987186,UR,Immune
104,ENSG00000278933,,0.2902564776221574,3.28699434871499,1.3160527608081298,2.4976159365347796,0.0025965009769960794,0.005434092143823167,UR,Immune
105,ENSG00000186994,KANK3,0.7456230477498521,3.9974972161346503,1.30324576408344,3.067339504415,0.0014698889585942072,0.0033996961293771316,UR,Immune
106,ENSG00000267594,CYP4F24P,1.0231103439963498,4.2190007696583995,1.184104827861,3.5630297845163796,0.0003420420930038205,0.0009390674296615091,UR,Immune
107,ENSG00000273837,,0.3144615395184786,3.20842824107912,1.33761809645747,2.3986130642044197,0.0026141530436800055,0.005469448093867297,UR,Immune
108,ENSG00000182310,SPACA6,0.7254430641386075,3.90243796539594,1.15571751124444,3.37663652876032,0.0006397560873205359,0.0016519653561046517,UR,Immune
109,ENSG00000131042,LILRB2,0.6219437821671893,3.82886341425071,1.39305777463784,2.74853167180816,0.002351023106051367,0.005006119354630462,UR,Immune
110,ENSG00000089101,CFAP61,0.6197891704079388,3.77920873698214,1.2629212958881102,2.9924340885585803,0.0017074331930899086,0.0038557638246687147,UR,Immune
111,ENSG00000160214,RRP1,0.9558982943848932,3.5629100693217794,1.04444448392464,3.4112967459349104,0.000572766691161443,0.0014922973359111,UR,Immune
112,ENSG00000239900,ADSL,0.807595937407484,3.90684243289871,1.29048269169812,3.02742722396205,0.001596625763947719,0.0036453582172802715,UR,Immune
113,ENSG00000172534,HCFC1,0.8709575017231286,3.70137401386533,1.21485166978447,3.0467703226040697,0.0015351336813795116,0.003527836536283273,UR,Immune
116,ENSG00000025770,NCAPH2,4.6494859891104685,-8.67644850136418,0.856640459111484,-10.1284598562663,0.0,0.0,DR,Immune
117,ENSG00000048740,CELF2,4.4758974033748045,-8.47547912011357,0.8363414611719758,-10.1339937257646,0.0,0.0,DR,Immune
118,ENSG00000056998,GYG2,3.1562291675265346,-7.50970502874879,0.8897222573890029,-8.44050485011685,0.0,2.2204460492502677e-16,DR,Immune
119,ENSG00000057704,TMCC3,3.5131467579062,-7.98986362326972,0.8705374546174359,-9.1780814034945,0.0,0.0,DR,Immune
120,ENSG00000066336,SPI1,4.012658450308265,-8.7034084275288,0.943282836629891,-9.22672192215842,0.0,0.0,DR,Immune
121,ENSG00000070785,EIF2B3,3.2848173598543364,-7.70645094820636,0.9573153149204029,-8.05006545711339,8.881784196999742e-16,7.327471962521109e-15,DR,Immune
122,ENSG00000072849,DERL2,1.9799219834178818,-5.312322369430889,0.9678791998949531,-5.4886212762992,4.050799620608689e-08,1.8717780471045954e-07,DR,Immune
123,ENSG00000078399,HOXA9,1.9307829824324865,-5.24191651322384,1.22872205212255,-4.26615319890183,1.9811721310628777e-05,6.670799597733873e-05,DR,Immune
124,ENSG00000095383,TBC1D2,1.7158049628274321,-4.52036246656678,0.924216492550647,-4.89102120877708,1.002948966228995e-06,3.973590042876986e-06,DR,Immune
125,ENSG00000095713,CRTAC1,3.472964185368007,-7.96359874192067,0.872695864503533,-9.12528529793261,0.0,0.0,DR,Immune
126,ENSG00000095970,TREM2,4.41816389712478,-8.808795489328311,0.874713711315217,-10.070489778974,0.0,0.0,DR,Immune
127,ENSG00000100258,LMF2,4.429374518565532,-9.33703332603533,0.861328427553723,-10.840270711317,0.0,0.0,DR,Immune
128,ENSG00000102081,FMR1,4.813026908170117,-8.35676739944672,0.942798878413202,-8.863785894094141,0.0,0.0,DR,Immune
129,ENSG00000103489,XYLT1,4.140999319297517,-8.925191592105561,0.865201446523747,-10.315738176312198,0.0,0.0,DR,Immune
130,ENSG00000104205,SGK3,1.3632998293226366,-4.09722774634714,1.10090793788676,-3.7216806286381603,0.00019059164586939436,0.0005509783375606146,DR,Immune
131,ENSG00000104524,PYCR3,2.8995641752303087,-6.6617355417163004,0.9566196214572349,-6.9638290834640895,3.3115732357530285e-12,2.1975310415939866e-11,DR,Immune
132,ENSG00000109667,SLC2A9,3.1494864226279375,-7.49886240575321,0.889515320883909,-8.430279085358091,0.0,4.440892098500446e-16,DR,Immune
133,ENSG00000110852,CLEC2B,4.056776760352603,-8.805790103732788,0.8609438544986141,-10.2280654629459,0.0,0.0,DR,Immune
134,ENSG00000111262,KCNA1,1.5217876304011047,-5.1227320312982405,1.0826487631536201,-4.73166571250345,2.225900382784252e-06,8.450456583746867e-06,DR,Immune
135,ENSG00000112584,FAM120B,3.2340630743873318,-7.13135527321875,0.9037728549436059,-7.890649994863731,3.1086244689485892e-15,2.5757174171242795e-14,DR,Immune
136,ENSG00000112981,NME5,4.100070762911975,-8.87086290073424,0.8730390366380559,-10.1609006338303,0.0,0.0,DR,Immune
137,ENSG00000114544,SLC41A3,1.6850853435999211,-5.3570433674729,0.9959513268489469,-5.378820453427019,7.497435800482732e-08,3.3664560532445606e-07,DR,Immune
138,ENSG00000120280,CXorf21,4.60793584193901,-9.601889699899301,0.856788390912302,-11.2068391702591,0.0,0.0,DR,Immune
139,ENSG00000122224,LY9,5.3745909358532895,-9.770324907157491,0.8540426369598929,-11.440090323753099,0.0,0.0,DR,Immune
140,ENSG00000123843,C4BPB,3.5607374102713183,-7.93584871418814,0.8718773119279408,-9.1020245688467,0.0,0.0,DR,Immune
141,ENSG00000123901,GPR83,1.8592206840653016,-5.604183904688469,0.976453207353576,-5.739326638986781,9.50535564068263e-09,4.6634831084723514e-08,DR,Immune
142,ENSG00000125498,KIR2DL1,5.088265847202213,-9.33343061288847,0.8286552192813559,-11.2633461972071,0.0,0.0,DR,Immune
143,ENSG00000125900,SIRPD,1.355784291177761,-4.74975545125601,1.1247621291646799,-4.22289773819417,2.400714050048318e-05,8.003160292206306e-05,DR,Immune
144,ENSG00000130768,SMPDL3B,5.2749835566942505,-9.94405688090931,0.84985344015226,-11.700907957880002,0.0,0.0,DR,Immune
145,ENSG00000131759,RARA,5.290098729106557,-10.1148465105864,0.8543225960047459,-11.8396101869348,0.0,0.0,DR,Immune
146,ENSG00000132677,RHBG,1.6900934467459763,-4.51377684445141,0.984588159882853,-4.5844313677187305,4.548271932438469e-06,1.6642211100360714e-05,DR,Immune
148,ENSG00000135363,LMO2,2.5176672631650687,-6.580672882224519,0.9434264666511171,-6.97528966468786,3.0524471821211365e-12,2.03708161069817e-11,DR,Immune
149,ENSG00000138442,WDR12,2.176695624710349,-6.06762388112245,0.923241242442646,-6.57208928954383,4.961409014253984e-11,2.9975265889331313e-10,DR,Immune
150,ENSG00000141127,PRPSAP2,2.4932023505473966,-6.03753273334975,0.920352405108501,-6.5600227693629805,5.379963086253474e-11,3.239737271024857e-10,DR,Immune
151,ENSG00000142621,FHAD1,2.96761468679394,-6.2909287517754695,0.8716546857204192,-7.21722587491863,5.306866057169239e-13,3.806954750110741e-12,DR,Immune
152,ENSG00000147140,NONO,3.3366205829379623,-7.757659239158059,0.8817804864788871,-8.79772160771649,0.0,0.0,DR,Immune
153,ENSG00000149507,OOSP2,1.391192777260924,-4.31790962180205,1.0030080507099302,-4.304960083566479,1.664831155279209e-05,5.660660982536282e-05,DR,Immune
154,ENSG00000155849,ELMO1,4.722638451320711,-8.81633007495388,0.8374935384796409,-10.5270425022726,0.0,0.0,DR,Immune
155,ENSG00000160218,TRAPPC10,4.216211845824758,-8.56068964383103,0.8711573803516701,-9.82680034275235,0.0,0.0,DR,Immune
156,ENSG00000162777,DENND2D,4.618661060897636,-8.66283219131469,0.8282181036565159,-10.459602552840801,0.0,0.0,DR,Immune
157,ENSG00000165349,SLC7A3,2.3464193521501477,-6.33767413411105,0.9932092068764609,-6.3810062273208,1.7592815500447593e-10,1.0107915788999875e-09,DR,Immune
158,ENSG00000169174,PCSK9,3.771826696862065,-8.40065086249136,0.8607932247381049,-9.75919723932218,0.0,0.0,DR,Immune
159,ENSG00000169896,ITGAM,4.223490882491016,-8.515036355140799,0.8758273885520309,-9.722276862360241,0.0,0.0,DR,Immune
160,ENSG00000169955,ZNF747,4.853179255415433,-9.31811397592629,0.875666280946572,-10.6411702479324,0.0,0.0,DR,Immune
161,ENSG00000170891,CYTL1,2.8756039569222995,-7.0920516298669005,0.901986330513999,-7.862704111963071,3.774758283722805e-15,3.175237850418703e-14,DR,Immune
163,ENSG00000177192,PUS1,2.981706487834569,-7.2605203222640196,0.93184333856471,-7.791567554098929,6.661338147742446e-15,5.462297281128412e-14,DR,Immune
164,ENSG00000178209,PLEC,3.211452917654249,-7.59156328171885,0.99704469122536,-7.6140651954015,2.6645352590867874e-14,2.1005419625503378e-13,DR,Immune
165,ENSG00000180233,ZNRF2,1.8569122584593902,-5.62617617069891,1.08606543320382,-5.180328918214509,2.2148560120937234e-07,9.424843978178162e-07,DR,Immune
166,ENSG00000183784,C9orf66,1.9942482904903,-5.76423644268089,0.9414543038898849,-6.122693814096251,9.200638629518456e-10,4.95215954304017e-09,DR,Immune
167,ENSG00000185674,LYG2,3.0271777697021833,-7.3150209380817195,0.893472173125308,-8.18718384087357,2.2204460492502184e-16,2.4424906541747973e-15,DR,Immune
168,ENSG00000188393,CLEC2A,3.78793024693617,-8.42997148727636,0.865071604841076,-9.74482509898708,0.0,0.0,DR,Immune
169,ENSG00000198417,MT1F,4.7378060863492255,-9.298799651557651,0.8947529075797241,-10.3925894766976,0.0,0.0,DR,Immune
170,ENSG00000199308,RNU6-222P,3.557035974940685,-8.00785172139628,1.00085815600887,-8.00098562750314,1.3322676295498482e-15,1.088018564131568e-14,DR,Immune
171,ENSG00000203709,MIR29B2CHG,4.093948656998659,-8.263273632406442,0.897363954737753,-9.20838594951288,0.0,0.0,DR,Immune
172,ENSG00000204267,TAP2,4.458443735877209,-9.391091605430688,0.853764270667861,-10.999630610079802,0.0,0.0,DR,Immune
174,ENSG00000204471,TBC1D3P4,1.3125067230799272,-4.7891103055584505,1.15147800835385,-4.15909836819631,3.175604544580649e-05,0.0001040389251410145,DR,Immune
175,ENSG00000205018,,3.7227584534643094,-8.31545064164723,0.8722038188472779,-9.533838836703449,0.0,0.0,DR,Immune
176,ENSG00000207162,RNU6-549P,1.3011814090064608,-4.79881055912683,1.01707935040592,-4.71822631853808,2.3780144937314556e-06,8.983973432643181e-06,DR,Immune
177,ENSG00000225988,LAMP5-AS1,3.353663702590565,-7.799853747580709,0.9781557854084592,-7.97404039717829,1.5543122344747569e-15,1.3322676295485603e-14,DR,Immune
178,ENSG00000227308,,2.6374837733148415,-6.73104287961048,0.954955017483636,-7.04854444070798,1.8078871726740534e-12,1.2299494742136e-11,DR,Immune
179,ENSG00000227917,,0.9819742656145825,-4.3382390633613,1.10541694881944,-3.9245273631768,8.547080279024553e-05,0.0002611399125969463,DR,Immune
180,ENSG00000228775,WEE2-AS1,1.1361944805294768,-4.4817022841478,1.07146492039716,-4.18278022810731,2.863844731626179e-05,9.454749275283628e-05,DR,Immune
181,ENSG00000230267,HERC2P4,3.1477987210616307,-7.4923528722963395,0.947555680616149,-7.90703177192124,2.664535259099017e-15,2.264854970230616e-14,DR,Immune
182,ENSG00000230790,,1.170449769522492,-4.52901315816409,1.05164208820667,-4.30661078417588,1.6525006960263558e-05,5.622279534153944e-05,DR,Immune
183,ENSG00000231202,TRGVB,3.332170407728054,-6.823750559044219,0.877629221708853,-7.77520892679203,7.549516567440156e-15,6.195044477373184e-14,DR,Immune
184,ENSG00000231926,SEPHS1P7,1.9235272714054652,-5.70317758615722,0.960089614714635,-5.9402554706857895,2.845780948567676e-09,1.4699483135262599e-08,DR,Immune
185,ENSG00000232381,OR52U1P,4.174531655388053,-8.95626286080899,0.867176175632713,-10.3280776299859,0.0,0.0,DR,Immune
186,ENSG00000232500,,2.573023697884135,-6.65553596844732,0.971540304368171,-6.850499087400871,7.359224330664948e-12,4.746469863140601e-11,DR,Immune
187,ENSG00000233018,,1.858733914770658,-5.629732389077639,1.0654327013354399,-5.2839868553135405,1.263992669266469e-07,5.535557905169975e-07,DR,Immune
188,ENSG00000233746,LINC00656,2.4208232053975283,-5.88955273072445,0.9659607060708871,-6.097093488078441,1.0801433068771022e-09,5.781756672409926e-09,DR,Immune
189,ENSG00000233754,,3.118904487411207,-6.96936746938092,0.8758790949333709,-7.95699715827912,1.7763568393996466e-15,1.5321077739805637e-14,DR,Immune
190,ENSG00000234614,C2CD4D-AS1,2.548761285934179,-6.61843333545701,0.91586538470678,-7.22642589836054,4.95825602750543e-13,3.5640379524869398e-12,DR,Immune
191,ENSG00000240401,,1.4924637971778834,-4.60900655052357,1.07886024897292,-4.272107119445129,1.9291868209802417e-05,6.501440261085591e-05,DR,Immune
192,ENSG00000243680,RPL37P23,2.225796745670885,-6.14277500661649,0.926354330314806,-6.631128938026309,3.331290777529693e-11,2.0417755992252567e-10,DR,Immune
193,ENSG00000249851,RPS27AP18,1.226153235577992,-4.69678533053051,1.03428038018058,-4.54111420900249,5.589781988121057e-06,2.0213103923952517e-05,DR,Immune
194,ENSG00000253552,HOXA-AS2,2.8744696121408224,-6.5990177105472005,0.8852203913703071,-7.45466075440493,9.015010959800727e-14,6.825651154968262e-13,DR,Immune
195,ENSG00000254415,SIGLEC14,4.871916241513954,-9.50993731768891,0.862799566372578,-11.022186019020698,0.0,0.0,DR,Immune
196,ENSG00000255882,,4.647428262048307,-9.66508296398413,0.852354145002712,-11.339280768035,0.0,0.0,DR,Immune
197,ENSG00000259783,LINC02259,2.157157457722972,-6.02545347868499,1.01528262273095,-5.9347548591715995,2.9428469739383533e-09,1.517714218241336e-08,DR,Immune
198,ENSG00000260148,,3.2888943157239923,-7.69450117153821,0.885186452662117,-8.692520257622219,0.0,0.0,DR,Immune
199,ENSG00000260438,,1.6484353872679813,-4.96995878574301,0.999423358698476,-4.97282632278604,6.597543889850255e-07,2.6729979785154396e-06,DR,Immune
201,ENSG00000266984,POLR3GP2,1.1016575246803024,-4.4581873284803395,1.10301443622519,-4.04182137791184,5.2502882564597826e-05,0.00016602233905946685,DR,Immune
202,ENSG00000267254,ZNF790-AS1,1.9185970819462943,-5.701675708776809,0.9754629324986329,-5.84509725466662,5.062719112228157e-09,2.5551696621842037e-08,DR,Immune
203,ENSG00000268941,LINC01711,2.339813212473847,-5.86808560162848,1.0740465063976299,-5.46353027236238,4.667534584420627e-08,2.1394040901433325e-07,DR,Immune
204,ENSG00000269475,,3.829875190725577,-8.43221300180694,0.8628099221260122,-9.77296712238716,0.0,0.0,DR,Immune
206,ENSG00000269959,SPACA6P-AS,1.6841741658330185,-5.35552174558206,0.9677894466850041,-5.533767457298159,3.1342257516257856e-08,1.465880581861246e-07,DR,Immune
207,ENSG00000270789,,2.895071540728154,-7.13043957159363,0.9477307339574941,-7.52369772985902,5.3290705181463976e-14,4.107825190958352e-13,DR,Immune
208,ENSG00000273018,FAM106A,3.2484267920494276,-7.6388403470806905,0.972748782307838,-7.8528397938033,3.996802888647507e-15,3.4194869158347606e-14,DR,Immune
209,ENSG00000279806,,4.952836414854024,-9.62475790066052,0.856270069626073,-11.240329706798699,0.0,0.0,DR,Immune
210,ENSG00000280003,,1.1047098217408007,-3.99556219028992,1.05002793239829,-3.8051960971780496,0.00013791812904818363,0.00040814814500751717,DR,Immune
211,ENSG00000280272,,2.715648516032325,-6.862125816255519,0.8896963708705858,-7.712885025641721,1.2212453270848178e-14,9.947598300550667e-14,DR,Immune
212,ENSG00000281379,SEPT14P19,1.9789687345017977,-5.30288769300301,0.9519264349842979,-5.570690652256641,2.5373025921086503e-08,1.196522025395129e-07,DR,Immune
214,ENSG00000285413,,3.194056833480915,-7.56498918088689,0.874991260818986,-8.64578827199498,0.0,0.0,DR,Immune
215,ENSG00000285538,,2.6575864549802577,-6.72362862616319,0.920731183677647,-7.30248822387792,2.8244073744937207e-13,2.065458914621461e-12,DR,Immune
216,ENSG00000223345,H2BP1,0.27813091010960106,3.07997210729527,1.3193484597655,2.3344644733527797,0.0026177002672855055,0.0054777341278450225,UR,Immune
217,ENSG00000272750,,0.8451273647794999,4.092682431354279,1.16865049995178,3.50205851238086,0.0004231899866477545,0.0011378646076054782,UR,Immune
218,ENSG00000275789,MIR8064,0.5189179263227641,3.65752415787883,1.2701352492279199,2.8796336139022594,0.002044705887865759,0.004470907154826158,UR,Immune
219,ENSG00000241537,,0.11954805043249161,3.0377427906289305,1.33568992917662,2.27428741077769,0.0026188485406913584,0.005480972426275288,UR,Immune
220,ENSG00000170074,FAM153A,0.6913976021143854,3.7497750472927303,1.1992102343935702,3.1268704516926897,0.001284235934666379,0.0030302920518702112,UR,Immune
221,ENSG00000272345,,0.5617223014597379,3.14453823909877,1.239308700634,2.53733249632646,0.0025815971567678207,0.005407197561387975,UR,Immune
222,ENSG00000204516,MICB,1.0398545985986143,2.82686653265666,1.22473907717126,2.30813777836319,0.00261836034838835,0.005479481413906721,UR,Immune
223,ENSG00000106028,SSBP1,0.7492387709574043,4.00597075149086,1.1392338682498602,3.5163725931401495,0.00040282213159696434,0.001088845633995478,UR,Immune
224,ENSG00000251578,TRBV21-1,0.6892934930762259,3.88438364575394,1.2221966894007599,3.1781984679229103,0.001131123633250202,0.002714856933285291,UR,Immune
225,ENSG00000244307,RN7SL395P,0.3943619452519685,2.9412083611458497,1.29486754981601,2.27143568588445,0.002618876693592122,0.005481062800206993,UR,Immune
226,ENSG00000236607,EEF1DP8,0.8434636965516903,4.04636906492143,1.4103465456365,2.86906014513991,0.0020735732446617826,0.004522755241481261,UR,Immune
227,ENSG00000153531,ADPRHL1,0.28323633228817696,3.10605008539673,1.38434161930029,2.24370201841267,0.0026190787561272567,0.005481743721680779,UR,Immune
228,ENSG00000271656,,0.33481547915222465,3.35488444828426,1.2853557035415302,2.6100825157118597,0.00253534392433792,0.005324361313804041,UR,Immune
229,ENSG00000259254,,0.44776385832668386,3.45423109733106,1.5277994932116599,2.2609191275942595,0.002618967394502956,0.005481354629864606,UR,Immune
230,ENSG00000129028,THAP10,0.5318841531390233,3.44819554590402,1.40225478352819,2.45903639367739,0.002605988397047075,0.005452506858038937,UR,Immune
231,ENSG00000140993,TIGD7,0.6792463287808491,3.7923097212240804,1.2476752310451498,3.03950068644654,0.001558241364505024,0.003571320773619583,UR,Immune
232,ENSG00000197471,SPN,0.7430584449737538,4.0016191102431895,1.1854304905133202,3.37566744087237,0.0006417105086444601,0.0016563577883446025,UR,Immune
233,ENSG00000270020,,0.41219074926668925,3.34379125257634,1.22426538842764,2.73126340431046,0.002381961257170333,0.005058439292802557,UR,Immune
234,ENSG00000158792,SPATA2L,1.0001116129361982,3.52610670577653,1.24107113031165,2.8411801867400404,0.00214657387327642,0.0046549624470185414,UR,Immune
235,ENSG00000266373,,1.4341635566718776,3.64579369826363,1.4246877365941701,2.55901248015174,0.0025706835641211424,0.0053866086744029295,UR,Immune
236,ENSG00000279366,,0.20948065650129677,3.0693772906379904,1.3584170463565202,2.2595250102835,0.0026189780007822186,0.005481386627701794,UR,Immune
237,ENSG00000282059,CICP19,1.0154014942566802,3.83331522398513,1.08334874126806,3.53839449658496,0.00037308852271363636,0.0010153227929341694,UR,Immune
238,ENSG00000090006,LTBP4,0.6005936333572235,3.28267137443924,1.26374833815029,2.5975673125267797,0.0025453828308271225,0.005341743381663295,UR,Immune
239,ENSG00000183822,NCF4-AS1,0.6965499441977544,3.82251075358307,1.18000599546901,3.23939943378317,0.0009608615610709395,0.002360663692530634,UR,Immune
240,ENSG00000100124,ANKRD54,0.6372303204248688,3.1757833516377203,1.12517899288131,2.822469466396,0.0021928100301249827,0.004736816619765766,UR,Immune
241,ENSG00000230542,LINC00102,0.7577154472661204,3.89952142452425,1.12624183438925,3.4624192650763304,0.0004840622980012709,0.0012824172900167156,UR,Immune
242,ENSG00000010704,HFE,2.2737556656623448,5.85231860177941,1.1418640967329599,5.12523216950575,2.971544254454524e-07,1.2480673671053769e-06,UR,Cancer
243,ENSG00000011143,MKS1,3.00753924203343,7.184084753292249,0.933232990448148,7.698061284612731,1.376676550531567e-14,1.1124434706630595e-13,UR,Cancer
244,ENSG00000023608,SNAPC1,0.9082225189621034,4.2412733821432,1.14572530047175,3.70182397158975,0.00020552094590591842,0.0005905458355633375,UR,Cancer
245,ENSG00000058272,PPP1R12A,3.1936193556824475,7.5940451524535595,0.9148588911099051,8.30078302375187,0.0,8.881784197000529e-16,UR,Cancer
246,ENSG00000067167,TRAM1,3.1723205638884666,7.04456808426859,0.89297718159503,7.88885564991217,3.1086244689485892e-15,2.5979218776166775e-14,UR,Cancer
247,ENSG00000091164,TXNL1,4.477259881489742,9.443247270219029,0.860448662026382,10.9747945310065,0.0,0.0,UR,Cancer
248,ENSG00000095917,TPSD1,4.745871063918086,9.326609570111,0.8716539047088729,10.6998999485077,0.0,0.0,UR,Cancer
249,ENSG00000100116,GCAT,2.7582224391334713,6.96469367902084,0.907947383433235,7.67081199428666,1.709743457917146e-14,1.3700152123702326e-13,UR,Cancer
250,ENSG00000102048,ASB9,4.224805234672651,9.08707286115209,0.85780543744552,10.5933961997405,0.0,0.0,UR,Cancer
251,ENSG00000103534,TMC5,2.25314318624276,6.22477871206391,0.9523625865521971,6.53614369144765,6.312528201608865e-11,3.776545612017619e-10,UR,Cancer
252,ENSG00000104879,CKM,5.170817602699081,9.959887802859779,0.8612096787544771,11.564997524487,0.0,0.0,UR,Cancer
253,ENSG00000105835,NAMPT,1.3588057112681349,4.87609160820486,1.15774252589002,4.21172367703807,2.5220417929363967e-05,8.377855026427777e-05,UR,Cancer
254,ENSG00000108379,WNT3,4.060717118853612,8.8317377635172,0.8611149779990821,10.256165540215,0.0,0.0,UR,Cancer
255,ENSG00000110900,TSPAN11,4.657983631407482,9.695670039109428,0.8533623941744959,11.361726395839801,0.0,0.0,UR,Cancer
256,ENSG00000111907,TPD52L1,1.5036299441270333,4.63502280543351,1.01026156675038,4.58794331882046,4.472508474045936e-06,1.637966629085847e-05,UR,Cancer
257,ENSG00000112964,GHR,4.088173569018902,8.88079113311422,0.8861128132922421,10.0221901770258,0.0,0.0,UR,Cancer
258,ENSG00000113248,PCDHB15,1.331494941229384,4.89088053847136,1.01600568729003,4.81383185119436,1.4802145440797702e-06,5.752314745976479e-06,UR,Cancer
259,ENSG00000113812,ACTR8,2.04786297948893,5.36827330646583,0.9329017072089079,5.75438255175547,8.69588908009313e-09,4.2982514450269764e-08,UR,Cancer
260,ENSG00000114446,IFT57,2.9587057707404507,7.13357478869207,0.88315648637006,8.077362164900599,6.66133814775009e-16,5.9952043329725495e-15,UR,Cancer
261,ENSG00000118402,ELOVL4,2.1751395023669016,6.09695554573544,1.02832927509295,5.92899151410848,3.048006512121714e-09,1.569988077585209e-08,UR,Cancer
263,ENSG00000122644,ARL4A,3.0641276273323808,6.920629123926481,0.911572414663817,7.59196857276421,3.153033389916417e-14,2.4780177909070437e-13,UR,Cancer
265,ENSG00000126583,PRKCG,2.911204508096617,7.1614475004072,0.8893221265738399,8.052703611454099,8.881784196999742e-16,7.105427357596373e-15,UR,Cancer
266,ENSG00000128607,KLHDC10,4.231745974542115,8.13303301969996,0.854602018120548,9.51674913848932,0.0,0.0,UR,Cancer
267,ENSG00000130414,NDUFA10,3.255971197833546,7.683909988874099,0.881283256319754,8.71900144904848,0.0,0.0,UR,Cancer
268,ENSG00000131187,F12,1.1914538560855759,4.5535387466857005,1.1064008700633898,4.11563192861988,3.8328068741956554e-05,0.00012389492316849406,UR,Cancer
269,ENSG00000135898,GPR55,2.49800987574771,6.5601608276548395,0.9462557975926401,6.93275628465842,4.127143068481542e-12,2.709477080405658e-11,UR,Cancer
270,ENSG00000136531,SCN2A,2.3429917870192143,6.35621235585482,0.914494112212847,6.950522995139219,3.639311072186374e-12,2.4006574453229657e-11,UR,Cancer
271,ENSG00000137648,TMPRSS4,2.902216362906371,7.16420643840857,0.898416920450948,7.97425591095567,1.5543122344747569e-15,1.3322676295485603e-14,UR,Cancer
272,ENSG00000139192,TAPBPL,1.6676348516842316,5.352695525265481,1.03619867401885,5.16570389393116,2.3952476608500176e-07,1.0160820814165988e-06,UR,Cancer
273,ENSG00000143125,PROK1,1.2893312403298385,4.256343905110669,1.03795054082191,4.10071938662921,4.0863814133943805e-05,0.00013139575692038466,UR,Cancer
274,ENSG00000143341,HMCN1,2.0093715550811213,5.34318078569515,0.928969594416312,5.751728385741591,8.833549167872373e-09,4.3597739211004606e-08,UR,Cancer
275,ENSG00000143839,REN,2.3782108791794223,6.38006066539592,0.915600428850131,6.96817133802395,3.210764985242905e-12,2.135069894476719e-11,UR,Cancer
276,ENSG00000143924,EML4,1.0969559396749293,4.521585025909941,1.0718390708394598,4.2185297671306605,2.44746860254461e-05,8.150400120612661e-05,UR,Cancer
277,ENSG00000146648,EGFR,3.7396922389760894,8.36340760880128,0.865776186450173,9.660011143402599,0.0,0.0,UR,Cancer
278,ENSG00000147536,GINS4,1.5126542222946742,5.13328001917691,0.99301713009489,5.169377107005589,2.3486496743980716e-07,9.96591810736564e-07,UR,Cancer
279,ENSG00000150275,PCDH15,3.5966894067055994,8.171321035167379,0.9350590289472229,8.73882908159008,0.0,0.0,UR,Cancer
280,ENSG00000152348,ATG10,2.8286727890567422,7.05761729560059,0.9321726884198791,7.5711479034683205,3.708144902221705e-14,2.886579863949004e-13,UR,Cancer
281,ENSG00000153292,ADGRF1,5.479317305473416,10.818385088362598,0.854244239322692,12.6642763162678,0.0,0.0,UR,Cancer
282,ENSG00000156011,PSD3,1.9773490803551905,5.80106000665907,0.9575230864415941,6.05840223468379,1.374802354370311e-09,7.288169415717703e-09,UR,Cancer
283,ENSG00000162076,FLYWCH2,2.2786264624505583,5.7732512304058705,0.943018605785686,6.1220968440976,9.235184316963438e-10,4.969135281732561e-09,UR,Cancer
284,ENSG00000163606,CD200R1,0.8975300135332466,4.223999006317221,1.17056694184327,3.6085070023127,0.000290506783874012,0.0008085225879907752,UR,Cancer
285,ENSG00000163913,IFT122,1.1634354023274216,4.54012508816108,1.08388556102173,4.18874948742864,2.789953947734757e-05,9.233594770386619e-05,UR,Cancer
286,ENSG00000164935,DCSTAMP,1.242256193842278,4.66989417308125,1.1469190534307399,4.07168593032992,4.625962411286236e-05,0.00014754866728404145,UR,Cancer
287,ENSG00000165186,PTCHD1,3.789255937478692,8.45678667138411,0.859749990053358,9.836332386417661,0.0,0.0,UR,Cancer
288,ENSG00000165733,BMS1,3.3587160063946495,7.821489762988911,0.881242476682726,8.87552514766589,0.0,0.0,UR,Cancer
289,ENSG00000169855,ROBO1,3.9526568004435876,8.69261086562384,0.8833688258902641,9.84029616039867,0.0,0.0,UR,Cancer
290,ENSG00000170464,DNAJC18,2.541009657022192,6.63233836223789,0.920074820272274,7.20847719783834,5.657696532877165e-13,4.0456527002332764e-12,UR,Cancer
291,ENSG00000171295,ZNF440,3.7714722925476765,8.427415944907429,0.8918816431686041,9.44902948665609,0.0,0.0,UR,Cancer
292,ENSG00000171680,PLEKHG5,2.8050356848462434,6.54393542288742,0.8904666128747409,7.34888352721196,1.9984014442488476e-13,1.4757084441320733e-12,UR,Cancer
293,ENSG00000176055,MBLAC2,1.367619511789436,4.84598935947051,1.00721602534745,4.81127110522179,1.4993038369412206e-06,5.823741494228673e-06,UR,Cancer
294,ENSG00000177693,OR4F4,1.9164266710359577,5.7094278098241995,0.942387867711854,6.0584691350991795,1.3742308118579447e-09,7.287477303609166e-09,UR,Cancer
295,ENSG00000178343,SHISA3,4.094102476202845,8.39440028318412,0.9048311986855921,9.27731083474828,0.0,0.0,UR,Cancer
296,ENSG00000179841,AKAP5,2.4858633128285716,6.044504708989719,0.925395112282823,6.53180963326979,6.497979851095328e-11,3.8790635989149683e-10,UR,Cancer
297,ENSG00000183963,SMTN,3.08737115958027,7.41178463149173,0.880863857832596,8.41422265834444,0.0,4.440892098500446e-16,UR,Cancer
298,ENSG00000184361,SPATA32,1.049055637774836,4.41188304324483,1.1166887266577799,3.95086198859505,7.67211477597056e-05,0.00023549856489521015,UR,Cancer
299,ENSG00000185291,IL3RA,3.395261202630019,-7.85253369206155,0.870083596546807,-9.025033598181519,0.0,0.0,DR,Cancer
300,ENSG00000185942,NKAIN3,1.5556947133463697,5.1591277536318705,1.07815947395665,4.78512490800532,1.7082515457994224e-06,6.5871435370957264e-06,UR,Cancer
301,ENSG00000196242,OR2C3,2.1963240355126077,6.13242330736522,0.9282063423520229,6.6067457499008295,3.9285907564787074e-11,2.392781475971923e-10,UR,Cancer
302,ENSG00000197013,ZNF429,2.113793183558964,5.954369809452309,0.9276616540897501,6.41868701072366,1.3745471066130135e-10,7.96947782815391e-10,UR,Cancer
303,ENSG00000203756,TMEM244,1.6234972606966767,5.28278700600621,0.979877156937825,5.39127478235664,6.995866427791663e-08,3.1523835072437766e-07,UR,Cancer
304,ENSG00000203972,GLYATL3,3.9323953352511314,8.66552097999161,0.9868421448001659,8.78106090791894,0.0,0.0,UR,Cancer
305,ENSG00000204789,ZNF204P,1.677280422450301,5.32915511350875,1.05711280486063,5.04123598636322,4.6249371277769443e-07,1.901839159454632e-06,UR,Cancer
306,ENSG00000206168,,1.9272267971581947,5.2750147906258205,0.9632539385476979,5.476245234542179,4.344418916750409e-08,2.0001799536528586e-07,UR,Cancer
307,ENSG00000214050,FBXO16,1.658760598170248,5.33365460638859,1.04487829415426,5.104570203274929,3.315261398321751e-07,1.3857296763548452e-06,UR,Cancer
308,ENSG00000219102,HNRNPA3P12,2.1470663007355513,5.9781021806412395,0.951345764011954,6.283837492932941,3.3031597589476257e-10,1.8596729871234802e-09,UR,Cancer
309,ENSG00000220598,SSR1P1,2.6928187500099523,6.38571027157807,0.9311116416024359,6.858157482155759,6.9755312544071676e-12,4.5094816583154827e-11,UR,Cancer
310,ENSG00000224094,RPS24P8,5.702415646706353,10.590109649510302,0.8533628491511579,12.4098555029016,0.0,0.0,UR,Cancer
311,ENSG00000224851,LINC00502,1.4859483606731443,4.84361325432621,1.03874731258368,4.66293697769354,3.115423310484246e-06,1.1636136440544955e-05,UR,Cancer
312,ENSG00000227233,CICP17,2.9706782429422063,7.26974208057509,0.8796513885179399,8.264344461302281,2.2204460492502184e-16,1.3322676295500251e-15,UR,Cancer
313,ENSG00000228445,UGT1A2P,5.1997731718748215,9.509535549818699,0.832198050120354,11.427010131114098,0.0,0.0,UR,Cancer
314,ENSG00000229196,,4.042911619660702,8.33033630229577,0.870028231887687,9.574788491887858,0.0,0.0,UR,Cancer
315,ENSG00000229235,RPL37P18,3.4381808594005463,7.910742771260249,0.8670590891483879,9.12364897648447,0.0,0.0,UR,Cancer
316,ENSG00000229314,ORM1,2.112840576507337,5.91229643407333,0.9419474185964091,6.27667353543281,3.458932910926554e-10,1.942739622819249e-09,UR,Cancer
317,ENSG00000230852,,4.188155489865777,9.03200202256772,0.85986820589654,10.503937650713,0.0,0.0,UR,Cancer
318,ENSG00000231901,,4.261547701477403,9.13647344554145,0.8764634416159741,10.424249331719,0.0,0.0,UR,Cancer
319,ENSG00000232299,,4.024972938201186,8.15908422704085,0.901564353592454,9.04991883777284,0.0,0.0,UR,Cancer
320,ENSG00000233644,ARHGEF7-IT1,2.914641922606314,7.1898100847811905,0.900537812345355,7.9839069345196,1.3322676295498482e-15,1.2434497875787576e-14,UR,Cancer
321,ENSG00000234199,LINC01191,1.0411382691656705,4.43837510805542,1.1391467101203998,3.8962278244093196,9.589813983984421e-05,0.00029086983459804407,UR,Cancer
322,ENSG00000234445,FGF14-AS1,3.1507186248245933,7.52830649925264,0.8996277794086079,8.36824592522205,0.0,6.661338147750532e-16,UR,Cancer
323,ENSG00000234720,ATP5F1AP8,2.3518151156993743,5.844742907106331,1.0690795783677298,5.46707936936751,4.575072228041837e-08,2.0986336976574647e-07,UR,Cancer
324,ENSG00000234945,GTF3C2-AS1,2.505594036368198,6.592299795300361,0.9105905608635351,7.23958722902719,4.500844141442674e-13,3.240296918708232e-12,UR,Cancer
325,ENSG00000235803,MTCO2P23,1.6200825057562054,4.80506595322449,0.9901764041965191,4.85273728283151,1.2174058084863122e-06,4.7795348528106795e-06,UR,Cancer
326,ENSG00000236375,POU5F1P5,1.296436570039094,4.67639656964462,1.14427081500071,4.08679178769556,4.3373839577843506e-05,0.0001388107931392746,UR,Cancer
327,ENSG00000237742,,1.2049416938742796,4.61192501556145,1.2873229722833899,3.58257027557042,0.00031900887211890446,0.0008801144871602182,UR,Cancer
328,ENSG00000238003,RPL10P4,1.4336269148050218,3.93845979104248,1.0312129488000998,3.81924974431829,0.00013048682200491227,0.00038796046310017596,UR,Cancer
329,ENSG00000238178,,2.5519640933424492,5.763458774894169,0.9120923032735759,6.3189424515574,2.6335932106591334e-10,1.4944192722744087e-09,UR,Cancer
330,ENSG00000238832,,5.182874750717312,9.4653200288848,0.830498453726932,11.3971555111372,0.0,0.0,UR,Cancer
331,ENSG00000243488,RN7SL337P,3.612658524161355,7.66813394355868,0.8940316519469559,8.577027364590041,0.0,0.0,UR,Cancer
332,ENSG00000248323,LUCAT1,2.181141855317053,6.08219374173648,0.979830905351817,6.20739120241632,5.387136847395362e-10,2.971196256678601e-09,UR,Cancer
333,ENSG00000248456,LINC02485,2.635930952391656,6.287642695067401,0.9237849965003309,6.8063918756935005,1.0007772369407264e-11,6.389755354029172e-11,UR,Cancer
334,ENSG00000248839,,1.606760867523162,4.78263397966625,0.971693009515996,4.92195985031168,8.566774573084535e-07,3.4220543408398533e-06,UR,Cancer
335,ENSG00000248950,LDHBP3,0.9868131873788026,4.20031817279197,1.09387440343739,3.83985415473012,0.00012025195940212617,0.0003596185130468337,UR,Cancer
336,ENSG00000250073,,2.8257803989228005,6.9845607111456,0.915175252153963,7.63193792085909,2.3092638912101193e-14,1.84074977479744e-13,UR,Cancer
337,ENSG00000251511,,1.4101494907319707,4.91199298263537,1.01137449978986,4.8567498821217505,1.1930091906426286e-06,4.689342560290521e-06,UR,Cancer
338,ENSG00000253288,,5.000909389800633,9.307639741978381,0.908629445126754,10.2436034754299,0.0,0.0,UR,Cancer
339,ENSG00000260285,,3.4880668283550094,8.01179410157709,0.9225730297453191,8.68418417107727,0.0,0.0,UR,Cancer
340,ENSG00000263551,,1.6646567005799946,5.37880460064664,0.9967938637253891,5.39610524942845,6.810211934603046e-08,3.0720785851921475e-07,UR,Cancer
341,ENSG00000264230,ANXA8L1,2.0452499598459437,4.81782966651579,1.27126805234378,3.78978269581569,0.00014651071441434165,0.0004313824837174074,UR,Cancer
342,ENSG00000265781,,5.400870786445672,9.87471268227985,0.893738499679316,11.0487717445573,0.0,0.0,UR,Cancer
343,ENSG00000268970,,2.2912875510830135,6.246324657194071,0.9554858071394959,6.5373285615765795,6.26274580238283e-11,3.7494739356533635e-10,UR,Cancer
344,ENSG00000273812,,1.0317613408191355,4.44483790677837,1.2258697766125901,3.62586466489178,0.00027269088546897697,0.0007631011254585582,UR,Cancer
345,ENSG00000276550,HERC2P2,1.6817739246252876,5.36527930111783,1.03563868504255,5.180647824967441,2.2110725726368088e-07,9.411168550539282e-07,UR,Cancer
346,ENSG00000277350,,3.1050004533255326,7.376804741129019,0.9698690074846851,7.60598048210701,2.819966482532678e-14,2.2337687255000615e-13,UR,Cancer
347,ENSG00000280303,ERICD,4.30193632453522,9.18136171055145,0.8612478919459291,10.6605331593983,0.0,0.0,UR,Cancer
348,ENSG00000284977,,4.551981851789938,8.6080530772205,0.8570221835767781,10.0441426630228,0.0,0.0,UR,Cancer
349,ENSG00000285898,,2.271895159008819,6.231224493590901,0.9574033617502781,6.508463143684059,7.592348861416372e-11,4.506324016476111e-10,UR,Cancer
350,ENSG00000117602,RCAN3,0.5615669765435383,-3.6190774038472795,1.1720648149241102,-3.0877792403328903,0.0014054603928342522,0.0032716251598962185,DR,Cancer
351,ENSG00000159658,EFCAB14,0.7911644402173601,-3.6266654383113504,1.23093761855,-2.94626257550194,0.001850620982748546,0.004122943590142275,DR,Cancer
352,ENSG00000251484,,0.7247684843174381,-3.41714994734186,1.13281457901204,-3.01651303810202,0.0016312907351065046,0.0037109627011324394,DR,Cancer
353,ENSG00000285777,,1.3472890814861507,-3.88282772495439,1.09069454015418,-3.5599588904199795,0.00034578809679185554,0.0009484515147484945,DR,Cancer
354,ENSG00000188783,PRELP,0.47710638071904404,-3.58473757205396,1.34734693119963,-2.6605898518373703,0.0024844499288513835,0.005235433121209453,DR,Cancer
355,ENSG00000223884,,0.4548296852367213,-3.03818680310764,1.26930374144954,-2.39358532075076,0.0026145743208575243,0.005470385352500711,DR,Cancer
356,ENSG00000119778,ATAD2B,0.5525452852570749,-3.6686997874379803,1.19969122797338,-3.05803668635258,0.0014993619483749357,0.0034589178003584364,DR,Cancer
357,ENSG00000204406,MBD5,0.7182414728442696,-3.9342526988495803,1.17730744140027,-3.3417377317943706,0.0007129611030429712,0.0018193610797699739,DR,Cancer
358,ENSG00000121797,CCRL2,1.340960597704294,-4.02624293682766,1.2303250610783898,-3.27250339296398,0.0008753609060888939,0.002177832119132311,DR,Cancer
359,ENSG00000272434,,0.32041254339612335,-3.3878945146678903,1.4578572847665803,-2.32388626106864,0.0026180032004893745,0.00547854537650808,DR,Cancer
360,ENSG00000066422,ZBTB11,0.2296165278690456,-3.11811877653465,1.3132712887621398,-2.37431428160872,0.00261592568054997,0.00547346426392636,DR,Cancer
361,ENSG00000136518,ACTL6A,0.9591675703872704,-3.3926022897907995,1.0101012067744901,-3.3586756129361097,0.0006767052321587871,0.0017358636575340084,DR,Cancer
362,ENSG00000163898,LIPH,1.0745127803555274,-4.2304614353123995,1.23540306686123,-3.42435723918078,0.0005489769496769832,0.0014361153496099104,DR,Cancer
363,ENSG00000138772,ANXA3,0.15663668077138354,-3.0721228888980496,1.29277408857622,-2.3763803096343596,0.002615799045744959,0.005473176636840891,DR,Cancer
364,ENSG00000185477,GPRIN3,0.7131183245333726,-3.94036334738544,1.2474595938750601,-3.1587102033062595,0.0011882896306225435,0.0028350231507575764,DR,Cancer
365,ENSG00000169862,CTNND2,0.7339743737726137,-3.9675653172225,1.3004613799932399,-3.0508905364364796,0.0015220442100845545,0.0035029474270712483,DR,Cancer
366,ENSG00000254701,,0.6955304212653062,-3.6858989888734706,1.17632696780759,-3.13339665734534,0.0012643369100414908,0.0029899171579920425,DR,Cancer
367,ENSG00000262096,PCDHB19P,0.6876764249217047,-3.89004735813527,1.3265705632912699,-2.9324089240182696,0.0018924507377347608,0.004197240708630462,DR,Cancer
368,ENSG00000171720,HDAC3,0.3110368563926546,-3.21387957203199,1.38123540039729,-2.32681523446878,0.0026179248809394375,0.005478340105830659,DR,Cancer
369,ENSG00000196570,PFN3,0.5647808956956756,-3.12299208426046,1.29804892003419,-2.40591247067808,0.002613484113559547,0.005467996006180086,DR,Cancer
370,ENSG00000164418,GRIK2,0.8290460012612599,-3.98582500275328,1.13032395386044,-3.52626783599545,0.0003892249978828656,0.001054835351553723,DR,Cancer
371,ENSG00000201282,,0.4084518181421403,-2.83721958228926,1.20138394505308,-2.3616260180369704,0.0026166195148422623,0.005475125504818284,DR,Cancer
372,ENSG00000254275,LINC00824,0.5867036939690412,-3.72535444364474,1.3584120572878602,-2.74243328720345,0.0023622158648431944,0.005025014557952679,DR,Cancer
373,ENSG00000136878,USP20,0.19168866118598957,-3.1528790254601904,1.28843722814226,-2.44705675728277,0.002608154709184078,0.005456749310251072,DR,Cancer
374,ENSG00000233472,,0.7299612642484433,-3.6957362421782594,1.2943784754623302,-2.85522071962624,0.002110397249379051,0.004589025035866541,DR,Cancer
375,ENSG00000110002,VWA5A,0.5970986929477821,-3.75356320639476,1.25068118441346,-3.00121506037935,0.0016797395652350207,0.003803489798686294,DR,Cancer
376,ENSG00000111266,DUSP16,0.415837928066181,-3.4887512828622698,1.23871247010089,-2.81643348805403,0.002207221881113089,0.0047619533713968,DR,Cancer
377,ENSG00000151746,BICD1,0.2898710157015275,-2.7958360356585894,1.2527192183406102,-2.23181379731848,0.0026191346661286604,0.005481963404252842,DR,Cancer
378,ENSG00000166987,MBD6,1.3883472568520443,-3.64230172484317,1.20386281822429,-3.0255122674322794,0.0016027115829557645,0.0036574495275910664,DR,Cancer
379,ENSG00000258535,,0.7835232485054315,-4.0261024342629,1.26939795031467,-3.1716629393208597,0.001150150669197677,0.0027552055274461655,DR,Cancer
380,ENSG00000080824,HSP90AA1,1.171489691507343,-4.3822542477357995,1.23201416176005,-3.55698366443722,0.000349450681266443,0.0009575660030590433,DR,Cancer
381,ENSG00000258986,TMEM179,0.7631899966588024,-4.04194954425019,1.22041011059679,-3.3119600609287403,0.000780027142362528,0.001970476638408759,DR,Cancer
382,ENSG00000257341,,0.8738808743060545,-3.58942645267069,1.1426542245425,-3.14130589602278,0.0012403747953616774,0.0029404320101135916,DR,Cancer
383,ENSG00000274281,,0.3056698267245292,-3.29001066708875,1.30974349224694,-2.5119503830819196,0.002591804782698598,0.005425275518297061,DR,Cancer
384,ENSG00000261564,,0.5289275260885912,-3.6430204844633995,1.41441131201123,-2.57564433593449,0.0025607568460767325,0.005368511319635215,DR,Cancer
385,ENSG00000187185,,0.6480692086259311,-3.6286338413003,1.3065669679143301,-2.7772275975204503,0.00229448093709461,0.00491133930241265,DR,Cancer
386,ENSG00000170175,CHRNB1,0.5190233185030012,-3.54034268255152,1.2243076170724398,-2.8917100842819,0.0020110074130421985,0.004410878769612111,DR,Cancer
387,ENSG00000267198,,0.39326959674937667,-3.3937182381380997,1.4164930401224198,-2.3958594514836498,0.0026143876036631465,0.005469975698676369,DR,Immune
388,ENSG00000283632,EXOC3L2,0.13952745049579107,-3.0314393711072403,1.33110076964591,-2.27739284675919,0.0026188159806208506,0.005480867923342789,DR,Cancer
389,ENSG00000269009,SLC6A21P,0.7896111314453887,-3.91322674045919,1.22537852187448,-3.1934840301207994,0.0010872223561951813,0.0026239330375930066,DR,Cancer
390,ENSG00000233733,H2AZP6,0.3505725070396775,-3.2700775241477595,1.36724361324562,-2.39172996857898,0.002614722090304945,0.005470702529170544,DR,Cancer
391,ENSG00000214093,,1.1190071955736764,-3.27760435911582,1.33841921583097,-2.44886229990421,0.002607848539002786,0.005456194183833716,DR,Cancer
392,ENSG00000006695,COX10,3.8928744814818526,8.12223019527798,0.8636457760006719,9.40458509840689,0.0,0.0,UR,Cancer
393,ENSG00000053254,FOXN3,2.4788732375444127,6.012022979845481,0.9654711364557821,6.22703543672518,4.753434990605127e-10,2.6348796773359446e-09,UR,Cancer
394,ENSG00000075089,ACTR6,1.6332097020711414,4.83223484141556,0.9882730671575392,4.88957455383661,1.0103460295341835e-06,4.000014771857871e-06,UR,Cancer
395,ENSG00000086696,HSD17B2,2.0724762230528544,5.89316571131727,0.9558956527587259,6.1650721962272,7.045096888506374e-10,3.8394847106884e-09,UR,Cancer
396,ENSG00000089682,RBM41,3.1354123305736006,7.5086192054187,0.8774702245332421,8.55712136490193,0.0,2.2204460492502677e-16,UR,Cancer
397,ENSG00000104833,TUBB4A,5.567580508885935,10.064601742708499,0.854897004374049,11.772882219979,0.0,0.0,UR,Cancer
398,ENSG00000106278,PTPRZ1,3.3701505451749982,6.894211738011969,0.8454349268411601,8.15463321792387,4.4408920985002485e-16,3.1086244689495524e-15,UR,Cancer
399,ENSG00000107105,ELAVL2,5.208660357684306,10.5045935035404,0.8625482693326529,12.178557278502,0.0,0.0,UR,Cancer
401,ENSG00000108947,EFNB3,2.542034563295008,6.13796463191301,0.8985502508203059,6.83096424079736,8.434586349066283e-12,5.414646482055473e-11,UR,Cancer
403,ENSG00000110318,CEP126,4.594464656934798,9.61887579035237,0.8507086770712629,11.3068974721961,0.0,0.0,UR,Cancer
404,ENSG00000113361,CDH6,0.9804212794876469,4.19260164361148,1.1466773348190902,3.65630462581084,0.00024374659802609187,0.0006893673684949281,UR,Cancer
405,ENSG00000115107,STEAP3,1.1724350486064703,4.1508503494344,1.12059728896095,3.7041409883145398,0.0002037265782732955,0.0005858650258422293,UR,Cancer
406,ENSG00000115368,WDR75,4.069221980658021,8.72344829715497,0.876719456148327,9.950102322902131,0.0,0.0,UR,Cancer
407,ENSG00000115884,SDC1,1.8711925902274669,5.6060008666327095,0.97178076741706,5.768791742537941,7.984177553167194e-09,3.962133614935843e-08,UR,Cancer
408,ENSG00000118298,CA14,1.8638776136514335,5.53303221446738,1.0217900664584798,5.415038172806719,6.127491329267756e-08,2.781573395856646e-07,UR,Cancer
409,ENSG00000119203,CPSF3,2.6528441135407768,6.775332002823429,0.8952020662105871,7.56849459865925,3.7747582836982616e-14,2.942091015177295e-13,UR,Cancer
410,ENSG00000120915,EPHX2,4.027904821321682,8.80084250532448,0.880349035979283,9.99699226743015,0.0,0.0,UR,Cancer
412,ENSG00000123607,TTC21B,3.914014698316685,8.13003477552166,0.894682568074194,9.087060668927052,0.0,0.0,UR,Cancer
413,ENSG00000124915,,1.2863192630772624,4.800298881680599,1.14098595643413,4.2071498379198,2.5733588320105752e-05,8.540985949022156e-05,UR,Cancer
414,ENSG00000132854,KANK4,3.3832724707704123,7.73273518872335,0.886719287492573,8.72061237168941,0.0,0.0,UR,Cancer
415,ENSG00000135960,EDAR,1.3566871017377438,4.8102322022429,1.11983269758323,4.29549182893492,1.7372625525279305e-05,5.8895101257463675e-05,UR,Cancer
416,ENSG00000136237,RAPGEF5,2.995670295934348,6.81906280401196,0.904597463353533,7.5382289695267,4.773959005844555e-14,3.694822225827342e-13,UR,Cancer
417,ENSG00000136960,ENPP2,1.7175422613383122,4.42521045493522,0.965211333611605,4.58470627191775,4.5422973770590744e-06,1.662404240909917e-05,UR,Cancer
418,ENSG00000138757,G3BP2,2.324757148084082,6.3141915677997895,0.9116549178120249,6.92607635239206,4.3267611679861634e-12,2.8337332406901333e-11,UR,Cancer
419,ENSG00000141646,SMAD4,1.1989214623284847,4.66841542852405,1.06405224165969,4.387393067508,1.1446585964804783e-05,3.9719820247392384e-05,UR,Cancer
420,ENSG00000141744,PNMT,3.943791697720093,8.022432457264461,0.8655995343949839,9.268064663264619,0.0,0.0,UR,Cancer
421,ENSG00000142609,CFAP74,3.83383193072547,8.026498369542809,0.864157648477531,9.288233904639801,0.0,0.0,UR,Cancer
422,ENSG00000143390,RFX5,4.301153826740567,9.18694328118325,0.8605051639456329,10.6762209758961,0.0,0.0,UR,Cancer
423,ENSG00000145945,FAM50B,1.5703037104947348,5.1875852565422305,0.989412262608343,5.2430977991585,1.5789801583361386e-07,6.842438907117047e-07,UR,Cancer
424,ENSG00000147650,LRP12,1.6599634269978993,4.79693748630219,1.01483127511497,4.726832532588991,2.2794968590240114e-06,8.637988936216333e-06,UR,Cancer
425,ENSG00000147676,MAL2,2.7461984215505084,6.84400994797744,0.9248308993080991,7.4002825306742,1.3589129821058486e-13,1.0138556659934396e-12,UR,Cancer
426,ENSG00000147789,ZNF7,4.466943870744446,9.43105759217032,0.870185544808582,10.8379846671033,0.0,0.0,UR,Cancer
427,ENSG00000152591,DSPP,3.2997038844653988,7.730006394830519,0.8825465755327729,8.75875178617525,0.0,0.0,UR,Cancer
428,ENSG00000152592,DMP1,3.4113099967428293,7.894039586644389,0.874331263664785,9.028659862345869,0.0,0.0,UR,Cancer
429,ENSG00000153485,TMEM251,4.085976705356155,8.85661893899716,0.868767386442045,10.1944652587255,0.0,0.0,UR,Cancer
430,ENSG00000153707,PTPRD,5.067397997934064,10.251507743732699,0.859652198615887,11.9251806256512,0.0,0.0,UR,Cancer
431,ENSG00000154655,L3MBTL4,4.612043084729969,9.15682705800222,0.856099358321783,10.6959863583503,0.0,0.0,UR,Cancer
432,ENSG00000155269,GPR78,2.9664197352692896,7.259317864680019,0.9027501169073241,8.041336942219699,8.881784196999742e-16,7.771561172370558e-15,UR,Cancer
433,ENSG00000156234,CXCL13,2.79741032540848,7.025816583419481,0.904595084138177,7.766808273243151,7.9936057772889e-15,6.594724766233551e-14,UR,Cancer
434,ENSG00000158669,GPAT4,1.3720596934351479,4.82794270437774,1.01823528673196,4.74148044885881,2.1207600801215286e-06,8.07926504002611e-06,UR,Cancer
435,ENSG00000161405,IKZF3,1.5053836187839698,4.70748173784986,1.2208419019669299,3.85593067395993,0.00011278333823762138,0.0003385843565914636,UR,Cancer
436,ENSG00000163214,DHX57,0.9878527203242173,4.36177868678616,1.15829123478881,3.7657011948134302,0.00016091352497014239,0.00047045501561691905,UR,Cancer
437,ENSG00000163359,COL6A3,1.2971522936353816,4.8222204252499,1.05828250722313,4.55664757976874,5.1924852762389575e-06,1.8880694104223576e-05,UR,Cancer
438,ENSG00000164011,ZNF691,2.4610219467377674,6.47179255583442,0.9290374406104921,6.96612673820944,3.257838441428733e-12,2.163691443938737e-11,UR,Cancer
439,ENSG00000165424,ZCCHC24,2.634115781936574,6.790988871559219,0.9156341294904169,7.41670570464499,1.2012613126168012e-13,9.006129175015533e-13,UR,Cancer
440,ENSG00000167220,HDHD2,2.2575884749031747,6.13231537706034,0.9184404032715251,6.676878929995639,2.4408475126963524e-11,1.517972393304551e-10,UR,Cancer
441,ENSG00000167283,ATP5MG,1.5876295737035893,4.301365517155549,0.943452273076732,4.55917658995954,5.1304133674119095e-06,1.8671574725425286e-05,UR,Cancer
442,ENSG00000169271,HSPB3,4.790890116298661,9.87720633783994,0.8615169565641829,11.464900676164598,0.0,0.0,UR,Cancer
443,ENSG00000170927,PKHD1,2.744381005794818,6.4082128951463195,0.897248604339838,7.14207061916942,9.192646642278956e-13,6.450617813861629e-12,UR,Cancer
444,ENSG00000172995,ARPP21,3.2973050850230194,7.72920035937881,0.8787998959234059,8.79517668952076,0.0,0.0,UR,Cancer
445,ENSG00000174780,SRP72,3.4359995755946633,7.943092528316179,0.930983069458365,8.53194090085588,0.0,2.2204460492502677e-16,UR,Cancer
446,ENSG00000174791,RIN1,4.256041543905467,9.10325238941384,0.873644458323108,10.4198593634839,0.0,0.0,UR,Cancer
447,ENSG00000182504,CEP97,1.7220491121459418,5.438182437381849,1.06942642799826,5.08513937472162,3.6733037795497436e-07,1.5261112530671523e-06,UR,Cancer
448,ENSG00000185630,PBX1,4.159735594999339,8.979864305507391,0.882729806166338,10.172834589676501,0.0,0.0,UR,Cancer
449,ENSG00000186501,TMEM222,1.7721750520762949,5.53629766753685,0.979610258883023,5.651530919908379,1.5902458910368164e-08,7.645364834217508e-08,UR,Cancer
450,ENSG00000187122,SLIT1,5.77402463722164,10.355174677754698,0.8688689254949441,11.9179940424915,0.0,0.0,UR,Cancer
451,ENSG00000187134,AKR1C1,2.011899329513141,5.831226901352201,0.992733430939991,5.87391007456128,4.256339810513358e-09,2.163385886574414e-08,UR,Cancer
452,ENSG00000187566,NHLRC1,1.205074214207013,4.686014422370031,1.06651411932109,4.39376688735543,1.1116608251991455e-05,3.8673669550747684e-05,UR,Cancer
453,ENSG00000196557,CACNA1H,3.2358897751045363,7.1736134951351795,0.9260407387085341,7.7465420205374205,9.547918011758901e-15,7.70494779084415e-14,UR,Cancer
454,ENSG00000198301,SDAD1,3.837383526634205,8.504061620201231,0.8684553209415931,9.79216940139303,0.0,0.0,UR,Cancer
455,ENSG00000198604,BAZ1A,1.9016914328366852,5.6670285933968305,0.973760572533593,5.819735110707951,5.894089451104355e-09,2.959397778625671e-08,UR,Cancer
456,ENSG00000201433,RNU6-335P,1.9093316016464221,5.638067594130501,0.9764827639080099,5.77385265006238,7.74790837202991e-09,3.851569649754362e-08,UR,Cancer
457,ENSG00000202241,RN7SKP186,3.676696592119461,7.5956839007188,0.917179382935389,8.281568515429539,2.2204460492502184e-16,1.1102230246250435e-15,UR,Cancer
458,ENSG00000204020,LIPN,1.5691810087309817,5.21397494511381,1.0624184985150602,4.90764698882913,9.215931017530656e-07,3.662731567706553e-06,UR,Cancer
459,ENSG00000204344,STK19,1.6949437016308928,4.94379114202476,1.17582254981594,4.20453846781444,2.6030988883709897e-05,8.63422262171112e-05,UR,Cancer
460,ENSG00000204860,FAM201A,3.7644263982800563,7.938116382077481,0.8682497175783159,9.14266508973723,0.0,0.0,UR,Cancer
461,ENSG00000205730,ITPRIPL2,1.3246697036833959,4.78171540504249,1.16311343110865,4.1111341999418505,3.9076829804489834e-05,0.00012606042727918702,UR,Cancer
462,ENSG00000205754,SLCO1B7,3.6347569272244193,8.22945724260367,0.874892649267053,9.406248011682301,0.0,0.0,UR,Cancer
463,ENSG00000206549,PRSS50,1.223062485724367,4.68517321408529,1.04008339304268,4.50461303913254,6.640944546159292e-06,2.3787123658949116e-05,UR,Cancer
464,ENSG00000207268,SNORA70C,1.6219633609389026,5.311457871622309,1.03087384010404,5.15238399209575,2.571830600537686e-07,1.0879360218827984e-06,UR,Cancer
465,ENSG00000213096,ZNF254,2.4172869357115383,6.4603951845356296,0.915947252692356,7.05323932742392,1.747935129385095e-12,1.191091668437982e-11,UR,Cancer
466,ENSG00000213215,OR2F1,3.260940180834398,7.67038661327496,0.877367287820279,8.742503532735059,0.0,0.0,UR,Cancer
467,ENSG00000216365,RPL37P15,1.5572294650633258,5.200887150200081,0.9903093936853442,5.25178008343985,1.506319104351802e-07,6.546459834209267e-07,UR,Cancer
468,ENSG00000218839,FAM138C,2.768874990666126,6.46070138484017,0.9202098611196491,7.0208999683824596,2.2044588367656218e-12,1.4916512449251486e-11,UR,Cancer
469,ENSG00000223586,LINC01312,2.6224893806864102,6.7418112572902,0.89658160609121,7.51946193351233,5.5067062020827396e-14,4.2343906157559383e-13,UR,Cancer
470,ENSG00000223823,LINC01342,3.2828726650561775,7.1972372841055,0.8833785756428879,8.147398502241959,4.4408920985002485e-16,3.3306690738744528e-15,UR,Cancer
471,ENSG00000223912,EEF1A1P36,4.583484625185713,9.58668816129437,0.952631933766614,10.0633705647359,0.0,0.0,UR,Cancer
472,ENSG00000224596,ZMIZ1-AS1,4.620020207660911,9.093318628257071,0.8770346658101469,10.368254508910699,0.0,0.0,UR,Cancer
473,ENSG00000225728,,3.7016488224986985,8.3092619604643,0.9077766444678029,9.15342117590581,0.0,0.0,UR,Cancer
474,ENSG00000226358,KRT8P38,5.75532473949816,10.8076610402664,0.8681966271935629,12.448402472147501,0.0,0.0,UR,Cancer
475,ENSG00000226562,CYP4F26P,2.8084988866767318,7.03599444961109,0.8956642579175441,7.855615971513769,3.996802888647507e-15,3.352873534357665e-14,UR,Cancer
476,ENSG00000227051,C14orf132,4.110946596666893,8.92025406713953,0.8595809820134191,10.3774446547728,0.0,0.0,UR,Cancer
477,ENSG00000228625,,4.243850842476984,9.113382167058859,0.8665815865520541,10.516473357481699,0.0,0.0,UR,Cancer
478,ENSG00000229950,TFAP2A-AS1,1.7986614356481128,5.532185652737289,0.9562691558306899,5.78517629582186,7.243622096259957e-09,3.612839760304037e-08,UR,Cancer
479,ENSG00000230102,LINC02028,3.017714778534025,7.09483169960771,0.9280426117592041,7.644941740507691,2.0872192862869564e-14,1.6697754290106698e-13,UR,Cancer
480,ENSG00000232556,,4.734987207880204,9.791521287462189,0.8722283968534541,11.225868502773901,0.0,0.0,UR,Cancer
481,ENSG00000232615,,1.169095966403655,4.645591331281519,1.12033014390381,4.14662709609317,3.3523941248051665e-05,0.00010957199083052502,UR,Cancer
482,ENSG00000236064,,3.29810690696984,7.68283005279454,0.920710326110761,8.34445952751299,0.0,6.661338147750532e-16,UR,Cancer
483,ENSG00000237613,FAM138A,2.2995877320733675,5.305244512013,0.88147763235256,6.018580979592099,1.759526153992816e-09,9.244641209740575e-09,UR,Cancer
484,ENSG00000237775,DDR1-DT,4.842853254813977,9.35171816108343,0.8599568842542359,10.8746360803813,0.0,0.0,UR,Cancer
485,ENSG00000238078,LINC01352,2.3501005972216293,5.8637891861626,0.9178204267685741,6.388819659208941,1.6717116045047915e-10,9.624857838389443e-10,UR,Cancer
486,ENSG00000239797,RPL21P39,5.0242846375895525,9.78181293165597,0.9011094006548409,10.8553000607334,0.0,0.0,UR,Cancer
487,ENSG00000239997,FCF1P3,1.4260918235924238,4.997057022890679,1.00244518723192,4.98486808709131,6.199674301058238e-07,2.518611073718037e-06,UR,Cancer
488,ENSG00000242986,RPL21P99,2.4333789692826344,6.4425864282527,0.972523237870393,6.6246092405570804,3.481681586484413e-11,2.130788837041942e-10,UR,Cancer
489,ENSG00000243059,RN7SL400P,3.265117058368695,7.488252493275059,0.9107429256111279,8.2221363270544,2.2204460492502184e-16,1.776356839399961e-15,UR,Cancer
490,ENSG00000248668,OXCT1-AS1,1.3074229686505576,3.96482371578511,1.03994393681614,3.8125360179738803,0.00013399004457930735,0.0003976977482904046,UR,Cancer
491,ENSG00000248926,,4.955284095915775,9.19430242832135,0.8350206928800219,11.010867762581801,0.0,0.0,UR,Cancer
492,ENSG00000249307,LINC01088,2.9478069137657457,7.22869862718883,0.9348799819214709,7.73222099839125,1.065814103637976e-14,8.593126210531002e-14,UR,Cancer
493,ENSG00000249857,,5.365643054945606,9.768735753408249,0.8668160616006071,11.2696755242051,0.0,0.0,UR,Cancer
494,ENSG00000253438,PCAT1,1.5362474129112982,4.797890507089691,1.04778563954,4.579076412228829,4.666163587098851e-06,1.7054422876560686e-05,UR,Cancer
496,ENSG00000255670,,3.071415797487541,6.9275590848079505,0.8833837257890891,7.842072343612469,4.440892098496852e-15,3.708144902235415e-14,UR,Cancer
497,ENSG00000256278,,1.4378042222393737,4.92633261031309,1.03455179431339,4.761803746696519,1.9179978851324827e-06,7.34599494815878e-06,UR,Cancer
498,ENSG00000258324,,4.231975639739134,9.07175830782259,0.8753483944619099,10.3635973575974,0.0,0.0,UR,Cancer
499,ENSG00000259076,,1.6961959129948814,5.36320718510304,1.00000256585972,5.36319342390104,8.176208992814067e-08,3.653360350171336e-07,UR,Cancer
500,ENSG00000265418,MIR4261,3.2260195579716777,7.635114009330831,0.8853616827851909,8.62372311540761,0.0,0.0,UR,Cancer
501,ENSG00000266059,RN7SL140P,3.565777241189622,8.110644079360661,0.879982542210082,9.21682384628986,0.0,0.0,UR,Cancer
502,ENSG00000267073,,3.2045343495856313,7.52389971370649,0.901222241553577,8.34855085326831,0.0,6.661338147750532e-16,UR,Cancer
503,ENSG00000269635,,3.925164908717914,8.651567244979638,0.878928932318319,9.84330692375744,0.0,0.0,UR,Cancer
504,ENSG00000271856,LINC01215,1.9914456689779898,5.589313393133151,1.0994297400316402,5.08382954327967,3.698737409511227e-07,1.5362909316782852e-06,UR,Cancer
505,ENSG00000271930,,2.5993331872987087,6.71747612025501,0.9243502180159331,7.267241343517719,3.6681768731039906e-13,2.666089570683082e-12,UR,Cancer
506,ENSG00000272217,,1.1838676944891673,4.5573295484935405,1.0514815687391899,4.334198224661351,1.4588347585133471e-05,5.000724500720173e-05,UR,Cancer
507,ENSG00000273703,HIST1H2BM,1.212528867487424,4.18847368920226,1.14096530659583,3.6709912781651,0.0002307763918622281,0.0006565547422545079,UR,Cancer
508,ENSG00000274346,,4.1050969593324105,8.86961562502563,0.9704711769154408,9.139494130281062,0.0,0.0,UR,Cancer
509,ENSG00000275515,,2.718662894819659,6.85221133312474,0.9109885470336351,7.52173159084924,5.395683899622541e-14,4.1677772342835615e-13,UR,Cancer
510,ENSG00000276291,FRG1HP,2.4388066681334566,6.3834170773902,0.9761690179285241,6.53925392032632,6.182654315294097e-11,3.70689688557002e-10,UR,Cancer
512,ENSG00000277631,PGM5P3-AS1,2.659603381467309,6.8170926761141395,0.911045502217362,7.482713716847581,7.283063041439507e-14,5.555556014941276e-13,UR,Cancer
513,ENSG00000282591,FAM138F,1.962805022724008,5.1805234654065595,0.9375236615820931,5.525752231857599,3.280747990001897e-08,1.5305098688286685e-07,UR,Cancer
514,ENSG00000283178,,4.434144740876071,9.35964448670317,0.858073612548349,10.907740722741101,0.0,0.0,UR,Cancer
515,ENSG00000285278,,4.35844236835188,9.2356595003175,0.863764939576446,10.6923296803946,0.0,0.0,UR,Cancer
516,ENSG00000285581,,3.3880733786764967,7.873244632091169,0.8908776427393671,8.83762736247557,0.0,0.0,UR,Cancer
517,ENSG00000162543,UBXN10,0.9475397612410914,-4.0939398449639395,1.3642849406067,-3.0007953053732,0.001681065637442409,0.003805639648549673,DR,Cancer
518,ENSG00000186118,TEX38,0.3293181346436034,-3.37208523089239,1.4346851123996898,-2.3504009358905,0.0026171259134634747,0.0054763411805650005,DR,Cancer
519,ENSG00000198841,KTI12,0.9479436587445749,-3.47249459078883,1.13733152576407,-3.05319470367796,0.0015147274791932792,0.0034878076639141683,DR,Cancer
520,ENSG00000170128,GPR25,0.517547748910512,-3.09415548443757,1.22828258114107,-2.51909090949014,0.002589189961162672,0.00542075950658518,DR,Cancer
521,ENSG00000253097,RNU2-19P,0.49488907242263713,-3.58900748825929,1.18630703327756,-3.0253613841801803,0.0016031910460760307,0.0036581530068021707,DR,Cancer
522,ENSG00000244703,CD46P1,0.8741165595323387,-4.03559151100383,1.1614079908303798,-3.4747406104193104,0.0004644222102318271,0.001237192796434837,DR,Cancer
523,ENSG00000162909,CAPN2,0.8205161539964024,-3.66189842021967,1.4549396655518503,-2.51687304080113,0.002590022663934415,0.005422159985156638,DR,Cancer
524,ENSG00000064933,PMS1,0.6896256359028542,-3.8380527271216804,1.25197500001538,-3.06559853597279,0.0014753989792131291,0.003410206906499382,DR,Cancer
525,ENSG00000214041,PGAM1P4,0.3321267057827058,-3.2297711488062,1.26796854719173,-2.5472013134390696,0.0025768985685386725,0.005398412374145535,DR,Cancer
526,ENSG00000163389,POGLUT1,0.547198725093107,-3.70153187413172,1.2287884819408001,-3.0123425866470996,0.0016445187111391248,0.003735441363897204,DR,Cancer
527,ENSG00000251270,,1.0302750481274394,-3.34446463424763,1.11595406528467,-2.99695546464495,0.001693186291492499,0.00382825175952067,DR,Cancer
528,ENSG00000240541,TM4SF1-AS1,0.30384624541969457,-3.32533920152701,1.2656832701996001,-2.62730754195921,0.002519918834615655,0.005297175822763132,DR,Cancer
529,ENSG00000213519,,0.578149606143743,-3.75958552910672,1.2435264941481101,-3.0233256362440897,0.0016096592359299959,0.0036698487347207012,DR,Cancer
530,ENSG00000261121,LINC02473,0.518695500400264,-3.44079606646972,1.27049471503049,-2.70823327776467,0.002419585602022689,0.005124763950421148,DR,Cancer
531,ENSG00000284968,,1.1216385860083165,-4.0274366568684705,1.16173837330294,-3.46673291458735,0.0004771113465162984,0.001266049323456809,DR,Cancer
532,ENSG00000214244,SETP21,0.9011599045159856,-4.22565837262847,1.28508576534483,-3.2882306275446003,0.000836487878904864,0.0020929241656727987,DR,Cancer
533,ENSG00000250069,,0.5156114255684416,-3.10430791943241,1.16411767751813,-2.66666160937501,0.002477130544898288,0.005223229588173642,DR,Cancer
534,ENSG00000176087,SLC35A4,0.7481146147650177,-4.02472050316652,1.18036273423041,-3.40973192938917,0.0005756698866642663,0.0014987505445168488,DR,Cancer
535,ENSG00000145912,NHP2,0.15669773892733063,-3.12241460547753,1.2845176824351001,-2.43080702443758,0.002610613686967681,0.005461854958208773,DR,Cancer
536,ENSG00000164385,LINC01600,0.42968892035670175,-3.3795059787490898,1.33420857765746,-2.5329667604765898,0.0025835394581383763,0.005410789121299915,DR,Cancer
537,ENSG00000106009,BRAT1,0.3849808083865789,-3.44281786888386,1.30387239411316,-2.6404561400546602,0.002506825788079991,0.005273556841608924,DR,Cancer
538,ENSG00000131558,EXOC4,0.4589612483131067,-3.5478843935922404,1.2318228541823102,-2.8801904279875803,0.002043168840515063,0.004468140634423082,DR,Cancer
539,ENSG00000197448,GSTK1,0.9948570357702803,-3.76804735661546,1.17877319053459,-3.19658386097719,0.0010784256346580414,0.0026054560113685484,DR,Cancer
540,ENSG00000283982,,0.2453130749601806,-3.1942249021128797,1.29580798345418,-2.46504493173299,0.0026047760005612503,0.005450148343180594,DR,Cancer
541,ENSG00000235387,SPAAR,0.483758437165562,-3.6159007852901297,1.29152562045342,-2.79971278000716,0.0022458075485060716,0.004828904689125287,DR,Cancer
542,ENSG00000138326,RPS24,0.48489424158638444,-3.48826887836499,1.46543890573035,-2.3803577649840597,0.002615543591681184,0.005472565957570359,DR,Cancer
543,ENSG00000231957,GNAI2P2,0.6726072126685991,-3.92067544945913,1.32364330827391,-2.9620332191849,0.0018022824516170332,0.004035233213260629,DR,Cancer
544,ENSG00000188199,NUTM2B,0.49431448626078645,-3.55783988894526,1.3489703587290702,-2.63744852948235,0.0025099243424376192,0.005278803379321183,DR,Cancer
545,ENSG00000275669,MIR6744,0.9633948605444889,-4.24982292528435,1.54938448630953,-2.7429104672442994,0.002361350557359517,0.005023680171972041,DR,Cancer
546,ENSG00000148943,LIN7C,0.2168793790863445,-3.08309768581289,1.28751264235688,-2.39461546580938,0.0026144905130824824,0.005470212361164142,DR,Cancer
547,ENSG00000254733,,0.49046340572884134,-3.28250615314056,1.3346579224530102,-2.4594363079249,0.002605910414816554,0.005452372738432715,DR,Cancer
548,ENSG00000255045,,0.5695647051251473,-3.6861020834636005,1.33919904614923,-2.75246767391504,0.0023436448651460613,0.004994019510325828,DR,Cancer
549,ENSG00000256913,,0.5764350350473386,-3.1997998552005296,1.2498042340634399,-2.56024085051875,0.0025699985252541978,0.00538544308485842,DR,Cancer
550,ENSG00000177119,ANO6,0.30506521753618887,-3.2587670006913,1.34453902194394,-2.42370578131661,0.0026115341800726894,0.00546383394968841,DR,Cancer
551,ENSG00000050426,LETMD1,0.7316625382790466,-3.45670848879367,1.15504925453877,-2.99269358013134,0.0017066163174695823,0.003854654094455651,DR,Cancer
552,ENSG00000257489,,0.4417001944350064,-3.4858271847718703,1.25529085624135,-2.77690797112096,0.002295145533674961,0.004912149568383156,DR,Cancer
553,ENSG00000110887,DAO,0.5885136650695844,-3.7467355972185703,1.15558249996458,-3.24229174233204,0.0009531973080218249,0.002344806381554039,DR,Cancer
554,ENSG00000263159,,0.3087008156856225,-3.2541991076608103,1.2843221678459298,-2.53378722966277,0.0025831806346879897,0.005410184550120127,DR,Cancer
555,ENSG00000259810,,0.50208451603611,-3.1163867712380897,1.39291768138229,-2.23730864565197,0.002619110643286928,0.005481869896280248,DR,Cancer
556,ENSG00000279174,,0.6866162468653062,-3.90853845740475,1.13644954262546,-3.43925384348797,0.0005227957855554701,0.0013744077706507732,DR,Cancer
557,ENSG00000076382,SPAG5,0.5927510169465399,-3.69138656617009,1.23734058326021,-2.98332295578944,0.00173604751819186,0.003910862102515987,DR,Cancer
558,ENSG00000260105,AOC4P,0.7830800284487346,-4.04310269648263,1.3130653046719398,-3.07913298911874,0.0014326490006608618,0.0033241907866615183,DR,Cancer
559,ENSG00000266504,RDM1P1,0.33275351740026327,-2.8554456768543397,1.27837603317544,-2.23365082162994,0.002619126960283861,0.005481932036469425,DR,Immune
560,ENSG00000108588,CCDC47,0.8181103001606936,-3.9188789661805403,1.1444647076441798,-3.42420254640036,0.0005492541313529625,0.0014366135377978854,DR,Cancer
561,ENSG00000264635,,1.3020166806234095,-3.7200493351782695,1.04712330312237,-3.5526373294201403,0.00035486042987798615,0.0009709671556540146,DR,Cancer
562,ENSG00000233764,MTCO1P20,0.38258873628417384,-2.85874508386782,1.25301202416162,-2.28149852415069,0.002618769703008531,0.005480714700843017,DR,Cancer
563,ENSG00000100241,SBF1,1.2402929422087843,-4.0839252686195495,1.3506378203127,-3.02370125225284,0.001608465911604727,0.0036679549810180725,DR,Cancer
564,ENSG00000277008,TEX28P2,0.5373024997733649,-3.65733626884132,1.24469749897546,-2.93833342788249,0.0018746412714065218,0.004165395323268011,DR,Cancer
